province_en,year,pm25_popwt,pm25_geomean,pop_coverage,geo_coverage,pop_million,pct_pop_ge5,pct_pop_ge10,pct_pop_ge15,pct_pop_ge25,pct_pop_ge35,t2m_mean_c,prec_total_mm,rh_mean_pct,n_city_days,macro_region
Anhui,1998,34.0,32.1,100.0,100.0,60.549,100.0,100.0,100.0,97.8,40.5,16.517698630136987,1128.65,76.457698630137,365,East China
Anhui,1999,34.2,32.4,100.0,100.0,60.549,100.0,100.0,100.0,96.6,45.5,16.15304109589041,1086.3600000000001,72.75487671232877,365,East China
Anhui,2000,39.2,36.8,100.0,100.0,60.549,100.0,100.0,100.0,99.4,90.2,16.334672131147542,990.2599999999999,73.51972677595629,366,East China
Anhui,2001,40.8,38.4,100.0,100.0,60.498,100.0,100.0,100.0,100.0,93.1,16.333616438356167,826.94,71.7893698630137,365,East China
Anhui,2002,45.5,42.8,100.0,100.0,60.448,100.0,100.0,100.0,100.0,95.0,16.18687671232877,1156.44,74.78238356164384,365,East China
Anhui,2003,50.9,47.7,100.0,100.0,60.398,100.0,100.0,100.0,100.0,98.7,15.163095890410961,1407.0600000000002,80.25032876712328,365,East China
Anhui,2004,50.2,47.1,100.0,100.0,60.347,100.0,100.0,100.0,100.0,97.7,16.268469945355193,942.6999999999998,71.3360655737705,366,East China
Anhui,2005,51.7,47.6,100.0,100.0,60.297,100.0,100.0,100.0,100.0,96.7,15.720273972602739,1130.45,73.85791780821917,365,East China
Anhui,2006,53.2,48.6,100.0,100.0,60.21,100.0,100.0,100.0,100.0,96.6,16.255260273972603,1089.73,75.24969863013699,365,East China
Anhui,2007,58.0,53.7,100.0,100.0,60.123,100.0,100.0,100.0,100.0,99.7,16.517342465753423,1064.07,74.48432876712329,365,East China
Anhui,2008,56.2,52.5,100.0,100.0,60.036,100.0,100.0,100.0,100.0,99.8,15.579726775956285,1041.84,74.10448087431693,366,East China
Anhui,2009,55.2,51.2,100.0,100.0,59.949,100.0,100.0,100.0,100.0,99.1,15.877397260273973,1130.43,74.03027397260274,365,East China
Anhui,2010,54.0,49.8,100.0,100.0,59.862,100.0,100.0,100.0,100.0,98.3,15.242438356164383,1252.7399999999998,77.11309589041096,365,East China
Anhui,2011,55.4,52.0,100.0,100.0,59.739,100.0,100.0,100.0,100.0,99.7,15.516493150684934,983.45,71.2007397260274,365,East China
Anhui,2012,51.0,47.6,100.0,100.0,59.616,100.0,100.0,100.0,100.0,98.2,15.552021857923497,993.46,72.4346174863388,366,East China
Anhui,2013,57.5,52.5,100.0,100.0,59.493,100.0,100.0,100.0,100.0,98.7,16.240301369863012,930.1600000000001,73.0075890410959,365,East China
Anhui,2014,62.5,57.1,100.0,100.0,59.37,100.0,100.0,100.0,100.0,99.5,15.98882191780822,1150.53,74.78397260273972,365,East China
Anhui,2015,57.5,52.8,100.0,100.0,59.246,100.0,100.0,100.0,100.0,99.2,15.746054794520546,1329.82,77.48216438356164,365,East China
Anhui,2016,52.1,47.6,100.0,100.0,59.021,100.0,100.0,100.0,100.0,97.4,16.15948087431694,1564.79,78.98336065573771,366,East China
Anhui,2017,53.1,48.4,100.0,100.0,58.796,100.0,100.0,100.0,99.9,96.3,16.23227397260274,1125.62,77.816,365,East China
Anhui,2018,48.2,43.7,100.0,100.0,58.571,100.0,100.0,100.0,99.4,92.9,16.322027397260275,1410.49,77.08904109589041,365,East China
Anhui,2019,45.3,41.2,100.0,100.0,58.346,100.0,100.0,100.0,99.5,91.7,17.027479452054795,743.72,69.37328767123287,365,East China
Anhui,2020,41.3,37.1,100.0,100.0,58.121,100.0,100.0,100.0,96.4,83.9,16.334644808743167,1790.75,78.86158469945356,366,East China
Anhui,2021,38.1,34.1,100.0,100.0,58.121,100.0,100.0,100.0,94.3,70.8,16.961479452054792,1285.19,76.98495890410959,365,East China
Anhui,2022,35.5,31.6,100.0,100.0,58.121,100.0,100.0,100.0,95.0,54.8,17.19772602739726,972.88,71.83797260273973,365,East China
Anhui,2023,35.5,31.6,100.0,100.0,58.121,100.0,100.0,100.0,94.4,59.1,16.99821917808219,1044.22,73.02991780821917,365,East China
Anhui,2024,36.6,32.4,100.0,100.0,58.121,100.0,100.0,100.0,94.2,67.6,16.78609289617486,1303.3,77.9985519125683,366,East China
Beijing,1998,37.7,29.5,100.0,100.0,13.885,100.0,100.0,100.0,98.2,78.5,12.086383561643835,669.81,54.32608219178081,365,North China
Beijing,1999,34.1,26.5,100.0,100.0,13.885,100.0,100.0,100.0,94.9,62.2,12.369506849315067,346.27000000000004,46.92523287671233,365,North China
Beijing,2000,46.4,36.9,100.0,100.0,13.885,100.0,100.0,100.0,100.0,95.9,11.548934426229508,430.44000000000005,47.999071038251365,366,North China
Beijing,2001,48.1,37.3,100.0,100.0,14.43,100.0,100.0,100.0,99.9,96.6,11.725178082191782,400.06,48.70413698630138,365,North China
Beijing,2002,48.7,37.5,100.0,100.0,14.975,100.0,100.0,100.0,99.9,96.7,11.88912328767123,383.13,47.400164383561645,365,North China
Beijing,2003,61.2,49.4,100.0,100.0,15.521,100.0,100.0,100.0,100.0,99.8,11.303999999999998,486.81000000000006,54.577397260273976,365,North China
Beijing,2004,53.9,40.9,100.0,100.0,16.066,100.0,100.0,100.0,99.9,97.5,11.658415300546446,528.3000000000001,52.56510928961748,366,North China
Beijing,2005,56.1,43.9,100.0,100.0,16.611,100.0,100.0,100.0,100.0,99.0,11.311068493150685,491.20000000000005,49.92235616438357,365,North China
Beijing,2006,64.7,49.7,100.0,100.0,17.247,100.0,100.0,100.0,100.0,99.5,11.922712328767123,404.25,47.880301369863005,365,North China
Beijing,2007,66.1,51.3,100.0,100.0,17.883,100.0,100.0,100.0,100.0,99.7,12.23745205479452,482.38,50.6358904109589,365,North China
Beijing,2008,63.1,48.0,100.0,100.0,18.519,100.0,100.0,100.0,100.0,99.2,11.286967213114753,619.41,54.102103825136616,366,North China
Beijing,2009,73.4,48.9,100.0,100.0,19.155,100.0,100.0,100.0,100.0,99.4,11.512712328767124,477.64,50.83728767123287,365,North China
Beijing,2010,74.8,51.3,100.0,100.0,19.791,100.0,100.0,100.0,100.0,99.6,10.453397260273972,547.45,53.87504109589041,365,North China
Beijing,2011,79.6,56.3,100.0,100.0,20.528,100.0,100.0,100.0,100.0,99.9,10.844657534246576,608.48,54.278712328767135,365,North China
Beijing,2012,68.7,47.8,100.0,100.0,21.266,100.0,100.0,100.0,100.0,99.5,10.453442622950822,661.13,55.5325956284153,366,North China
Beijing,2013,78.3,52.0,100.0,100.0,22.003,100.0,100.0,100.0,100.0,99.1,11.02131506849315,588.48,56.723616438356174,365,North China
Beijing,2014,81.1,60.6,100.0,100.0,22.741,100.0,100.0,100.0,100.0,99.9,12.34690410958904,468.17999999999995,51.48704109589041,365,North China
Beijing,2015,74.8,55.0,100.0,100.0,23.479,100.0,100.0,100.0,100.0,99.8,11.948082191780822,529.72,54.046383561643836,365,North China
Beijing,2016,66.2,48.5,100.0,100.0,24.298,100.0,100.0,100.0,100.0,99.1,11.735273224043715,681.14,55.23352459016393,366,North China
Beijing,2017,54.3,43.6,100.0,100.0,25.117,100.0,100.0,100.0,100.0,98.8,12.20594520547945,551.87,53.11087671232877,365,North China
Beijing,2018,49.0,39.4,100.0,100.0,25.937,100.0,100.0,100.0,100.0,97.7,11.858027397260274,567.22,52.06169863013699,365,North China
Beijing,2019,43.9,35.7,100.0,100.0,26.756,100.0,100.0,100.0,99.9,93.9,12.628657534246575,497.05000000000007,48.1208493150685,365,North China
Beijing,2020,41.5,33.5,100.0,100.0,27.575,100.0,100.0,100.0,99.7,91.7,11.79535519125683,688.22,57.046803278688515,366,North China
Beijing,2021,39.7,33.8,100.0,100.0,27.575,100.0,100.0,100.0,99.9,88.9,11.625232876712328,799.7400000000001,61.61123287671232,365,North China
Beijing,2022,41.2,31.9,100.0,100.0,27.575,100.0,100.0,100.0,99.7,85.0,11.453369863013698,630.9599999999999,57.02747945205479,365,North China
Beijing,2023,45.6,35.9,100.0,100.0,27.575,100.0,100.0,100.0,100.0,93.6,12.572082191780822,689.0999999999999,53.666410958904116,365,North China
Beijing,2024,42.7,33.9,100.0,100.0,27.575,100.0,100.0,100.0,99.9,89.9,12.559207650273224,855.5999999999999,60.0714480874317,366,North China
Chongqing,1998,35.4,30.4,100.0,100.0,31.08,100.0,100.0,99.9,87.6,63.7,18.79158904109589,1260.71,72.89405479452054,365,Southwest China
Chongqing,1999,35.3,30.7,100.0,100.0,31.08,100.0,100.0,99.7,89.3,66.7,18.032027397260276,1206.2800000000002,76.06112328767122,365,Southwest China
Chongqing,2000,38.5,33.1,100.0,100.0,31.08,100.0,100.0,100.0,95.6,71.7,17.78931693989071,987.73,75.45765027322405,366,Southwest China
Chongqing,2001,39.7,34.8,100.0,100.0,30.882,100.0,100.0,100.0,98.4,75.8,18.506,846.79,71.79572602739725,365,Southwest China
Chongqing,2002,43.5,36.7,100.0,100.0,30.684,100.0,100.0,100.0,97.2,80.7,18.246767123287672,1255.12,75.42221917808219,365,Southwest China
Chongqing,2003,44.3,37.3,100.0,100.0,30.486,100.0,100.0,100.0,98.1,79.7,18.26854794520548,1020.9399999999999,74.0831506849315,365,Southwest China
Chongqing,2004,46.0,38.5,100.0,100.0,30.288,100.0,100.0,100.0,97.0,83.4,17.730765027322406,1127.06,75.5136612021858,366,Southwest China
Chongqing,2005,49.2,41.9,100.0,100.0,30.09,100.0,100.0,100.0,99.6,91.8,17.863068493150685,1060.9,75.64567123287671,365,Southwest China
Chongqing,2006,54.6,45.7,100.0,100.0,29.874,100.0,100.0,100.0,99.8,93.3,19.166054794520548,819.03,70.61553424657534,365,Southwest China
Chongqing,2007,50.9,43.0,100.0,100.0,29.657,100.0,100.0,100.0,99.1,90.8,18.51386301369863,1311.6899999999998,74.11838356164384,365,Southwest China
Chongqing,2008,53.5,45.3,100.0,100.0,29.441,100.0,100.0,100.0,99.1,94.0,17.861994535519123,983.34,74.88625683060108,366,Southwest China
Chongqing,2009,50.7,43.3,100.0,100.0,29.225,100.0,100.0,100.0,99.9,92.2,18.07545205479452,1108.6100000000001,75.89082191780822,365,Southwest China
Chongqing,2010,53.2,43.7,100.0,100.0,29.009,100.0,100.0,100.0,99.2,91.3,17.78446575342466,1029.2199999999998,75.43635616438357,365,Southwest China
Chongqing,2011,54.0,46.0,100.0,100.0,28.776,100.0,100.0,100.0,100.0,97.9,18.202821917808222,814.55,70.42345205479452,365,Southwest China
Chongqing,2012,51.5,44.6,100.0,100.0,28.543,100.0,100.0,100.0,99.9,97.6,17.516147540983606,1116.9900000000002,75.811912568306,366,Southwest China
Chongqing,2013,52.1,42.6,100.0,100.0,28.311,100.0,100.0,100.0,99.7,92.0,18.876109589041096,1018.8699999999999,73.43805479452055,365,Southwest China
Chongqing,2014,50.4,43.0,100.0,100.0,28.078,100.0,100.0,100.0,99.7,92.8,17.715917808219178,1317.08,78.47956164383562,365,Southwest China
Chongqing,2015,46.6,40.2,100.0,100.0,27.845,100.0,100.0,100.0,99.0,90.9,18.467534246575344,1331.5200000000002,78.36923287671232,365,Southwest China
Chongqing,2016,44.0,37.6,100.0,100.0,27.568,100.0,100.0,100.0,98.9,82.3,18.261092896174866,1269.9499999999998,79.02344262295082,366,Southwest China
Chongqing,2017,39.6,33.8,100.0,100.0,27.291,100.0,100.0,100.0,97.0,71.5,18.389589041095892,1259.8999999999999,77.9469589041096,365,Southwest China
Chongqing,2018,34.9,30.9,100.0,100.0,27.014,100.0,100.0,100.0,97.9,55.5,18.221452054794522,1225.73,77.726,365,Southwest China
Chongqing,2019,35.2,30.8,100.0,100.0,26.737,100.0,100.0,100.0,96.4,58.4,18.160931506849316,1472.1799999999998,79.22608219178082,365,Southwest China
Chongqing,2020,30.1,25.7,100.0,100.0,26.46,100.0,100.0,100.0,81.1,17.0,18.055136612021855,1459.83,80.82095628415301,366,Southwest China
Chongqing,2021,30.9,26.1,100.0,100.0,26.46,100.0,100.0,99.9,81.7,24.1,18.221698630136988,1416.45,80.99567123287673,365,Southwest China
Chongqing,2022,31.0,25.8,100.0,100.0,26.46,100.0,100.0,100.0,81.5,26.7,18.77953424657534,1217.2800000000002,77.38747945205479,365,Southwest China
Chongqing,2023,33.9,28.0,100.0,100.0,26.46,100.0,100.0,99.9,87.0,47.1,18.894986301369862,1399.57,77.05224657534247,365,Southwest China
Chongqing,2024,31.3,26.6,100.0,100.0,26.46,100.0,100.0,100.0,85.3,20.7,19.411202185792348,1149.8,76.47265027322405,366,Southwest China
Fujian,1998,19.4,19.7,100.0,100.0,34.062,100.0,100.0,99.7,0.2,0.0,19.660986301369864,1474.02,85.87400000000001,365,East China
Fujian,1999,17.1,17.0,100.0,100.0,34.062,100.0,100.0,87.5,0.0,0.0,19.052849315068496,1391.8,84.40372602739725,365,East China
Fujian,2000,22.3,21.7,100.0,100.0,34.062,100.0,100.0,100.0,6.2,0.0,19.01587431693989,1612.6799999999998,84.97584699453553,366,East China
Fujian,2001,23.9,22.8,100.0,100.0,34.284,100.0,100.0,100.0,25.6,0.0,19.344301369863015,1506.8700000000001,84.01186301369863,365,East China
Fujian,2002,25.0,23.9,100.0,100.0,34.506,100.0,100.0,100.0,46.9,0.0,19.550767123287674,1541.1399999999999,84.35830136986301,365,East China
Fujian,2003,26.8,26.0,100.0,100.0,34.727,100.0,100.0,100.0,82.6,0.0,19.363013698630137,881.24,82.11315068493151,365,East China
Fujian,2004,27.5,26.5,100.0,100.0,34.949,100.0,100.0,100.0,85.1,0.1,19.26748633879782,1230.31,80.62087431693989,366,East China
Fujian,2005,28.3,26.9,100.0,100.0,35.171,100.0,100.0,100.0,88.0,4.2,18.875095890410957,1640.8600000000001,83.73490410958904,365,East China
Fujian,2006,30.9,28.6,100.0,100.0,35.409,100.0,100.0,100.0,95.0,17.4,19.339041095890412,1884.37,85.17871232876713,365,East China
Fujian,2007,31.4,29.6,100.0,100.0,35.648,100.0,100.0,100.0,98.0,18.0,19.21969863013699,1373.76,84.35775342465755,365,East China
Fujian,2008,31.6,29.6,100.0,100.0,35.886,100.0,100.0,100.0,94.7,21.1,18.799945355191255,1489.1399999999999,83.73439890710382,366,East China
Fujian,2009,29.1,26.3,100.0,100.0,36.124,100.0,100.0,100.0,85.8,9.9,18.945835616438355,1386.67,83.59197260273973,365,East China
Fujian,2010,27.0,23.8,100.0,100.0,36.363,100.0,100.0,100.0,60.7,7.1,18.688328767123288,1779.93,85.87665753424658,365,East China
Fujian,2011,29.7,27.6,100.0,100.0,36.625,100.0,100.0,100.0,87.4,12.1,18.44282191780822,1181.63,83.08268493150685,365,East China
Fujian,2012,28.0,26.3,100.0,100.0,36.887,100.0,100.0,100.0,75.2,5.4,18.603743169398907,1918.7399999999998,85.81666666666668,366,East China
Fujian,2013,27.4,25.2,100.0,100.0,37.149,100.0,100.0,100.0,68.8,6.5,18.831589041095892,1312.54,83.9928493150685,365,East China
Fujian,2014,31.7,29.0,100.0,100.0,37.412,100.0,100.0,100.0,94.2,20.0,19.111260273972604,1509.9,84.39720547945207,365,East China
Fujian,2015,29.4,25.8,100.0,100.0,37.674,100.0,100.0,100.0,84.3,14.0,19.329205479452057,1835.26,84.95309589041095,365,East China
Fujian,2016,27.6,23.8,100.0,100.0,37.925,100.0,100.0,100.0,62.1,14.5,19.518087431693992,2201.33,86.45866120218578,366,East China
Fujian,2017,27.5,24.7,100.0,100.0,38.176,100.0,100.0,100.0,71.2,5.0,19.402986301369864,1476.88,83.94268493150686,365,East China
Fujian,2018,25.3,22.0,100.0,100.0,38.428,100.0,100.0,100.0,46.2,4.3,19.461342465753425,1543.7399999999998,83.65115068493151,365,East China
Fujian,2019,24.1,21.3,100.0,100.0,38.679,100.0,100.0,100.0,37.3,3.0,19.48378082191781,1465.2600000000002,84.7098904109589,365,East China
Fujian,2020,21.2,19.0,100.0,100.0,38.93,100.0,100.0,98.9,13.2,0.0,19.680054644808745,1341.99,83.55275956284153,366,East China
Fujian,2021,22.7,20.4,100.0,100.0,38.93,100.0,100.0,99.9,23.7,0.0,20.043232876712327,1494.9299999999998,82.21671232876712,365,East China
Fujian,2022,20.1,17.1,100.0,100.0,38.93,100.0,100.0,94.1,12.3,0.0,19.473534246575344,1577.9199999999998,82.85939726027398,365,East China
Fujian,2023,21.6,18.6,100.0,100.0,38.93,100.0,100.0,98.4,22.7,0.1,19.925890410958903,1742.6,82.16920547945205,365,East China
Fujian,2024,21.3,17.6,100.0,100.0,38.93,100.0,100.0,99.2,25.2,0.0,20.019371584699453,1812.42,83.33122950819673,366,East China
Gansu,1998,19.8,19.5,100.0,100.0,25.633,100.0,100.0,94.4,10.2,0.0,8.404191780821916,384.56999999999994,52.20460273972603,365,Northwest China
Gansu,1999,19.9,19.2,100.0,100.0,25.633,100.0,100.0,92.1,8.8,0.0,7.934602739726028,401.44,52.85704109589041,365,Northwest China
Gansu,2000,26.8,22.3,100.0,100.0,25.633,100.0,100.0,99.9,69.2,3.6,7.571120218579235,391.67999999999995,54.010109289617496,366,Northwest China
Gansu,2001,30.0,26.2,100.0,100.0,25.65,100.0,100.0,100.0,94.8,7.5,7.7536438356164386,349.4,53.531589041095884,365,Northwest China
Gansu,2002,28.5,24.2,100.0,100.0,25.667,100.0,100.0,100.0,90.3,5.5,7.98986301369863,325.27,52.66797260273974,365,Northwest China
Gansu,2003,29.8,25.1,100.0,100.0,25.684,100.0,100.0,100.0,93.9,9.1,7.722712328767123,441.15,55.99290410958904,365,Northwest China
Gansu,2004,28.2,24.1,100.0,100.0,25.701,100.0,100.0,100.0,81.1,8.0,7.494316939890711,366.26,55.006284153005474,366,Northwest China
Gansu,2005,32.1,24.5,100.0,100.0,25.718,100.0,100.0,100.0,91.0,25.7,7.514986301369864,430.68000000000006,57.519999999999996,365,Northwest China
Gansu,2006,34.0,26.0,100.0,100.0,25.72,100.0,100.0,100.0,94.1,35.7,8.240767123287672,395.80999999999995,55.20293150684932,365,Northwest China
Gansu,2007,33.1,27.1,100.0,100.0,25.721,100.0,100.0,100.0,97.1,27.7,7.953369863013699,429.21000000000004,55.72569863013699,365,Northwest China
Gansu,2008,32.3,26.5,100.0,100.0,25.722,100.0,100.0,100.0,95.4,22.5,7.225765027322405,407.68000000000006,56.268415300546444,366,Northwest China
Gansu,2009,32.1,26.2,100.0,100.0,25.723,100.0,100.0,100.0,96.4,21.2,7.914191780821916,339.59999999999997,55.122027397260275,365,Northwest China
Gansu,2010,32.0,25.3,100.0,100.0,25.724,100.0,100.0,100.0,91.4,20.9,7.716465753424658,375.36,54.04430136986301,365,Northwest China
Gansu,2011,37.7,28.6,100.0,100.0,25.709,100.0,100.0,100.0,97.9,65.3,7.16345205479452,435.96000000000004,58.02945205479452,365,Northwest China
Gansu,2012,33.4,26.7,100.0,100.0,25.694,100.0,100.0,100.0,92.9,32.6,6.856147540983607,471.37,60.5962568306011,366,Northwest China
Gansu,2013,32.1,26.3,100.0,100.0,25.679,100.0,100.0,100.0,91.8,24.0,8.185835616438355,424.2,55.295726027397265,365,Northwest China
Gansu,2014,34.2,26.7,100.0,100.0,25.663,100.0,100.0,100.0,94.0,34.3,7.669561643835618,453.63,57.65772602739726,365,Northwest China
Gansu,2015,34.2,29.0,100.0,100.0,25.648,100.0,100.0,100.0,97.5,34.3,8.191232876712329,372.98,56.01860273972603,365,Northwest China
Gansu,2016,33.3,28.7,100.0,100.0,25.588,100.0,100.0,100.0,96.3,27.5,8.252486338797814,432.53999999999996,56.72396174863388,366,Northwest China
Gansu,2017,31.7,23.9,100.0,100.0,25.527,100.0,100.0,100.0,84.3,23.9,8.042602739726028,477.41999999999996,58.28775342465753,365,Northwest China
Gansu,2018,30.5,24.5,100.0,100.0,25.467,100.0,100.0,100.0,83.8,16.5,7.740219178082192,561.01,60.729808219178075,365,Northwest China
Gansu,2019,25.5,21.4,100.0,100.0,25.406,100.0,100.0,99.8,46.5,7.7,7.819972602739726,538.16,61.085643835616445,365,Northwest China
Gansu,2020,24.8,21.7,100.0,100.0,25.345,100.0,100.0,99.4,44.1,6.4,7.425928961748634,599.9000000000001,63.72494535519126,366,Northwest China
Gansu,2021,25.0,22.0,100.0,100.0,25.345,100.0,100.0,99.8,41.5,8.0,7.965150684931507,462.3399999999999,59.675999999999995,365,Northwest China
Gansu,2022,28.0,23.1,100.0,100.0,25.345,100.0,100.0,99.9,71.4,11.5,8.260876712328768,404.53000000000003,60.55024657534246,365,Northwest China
Gansu,2023,29.6,24.3,100.0,100.0,25.345,100.0,100.0,100.0,76.1,15.0,8.408164383561644,491.34000000000003,57.18517808219178,365,Northwest China
Gansu,2024,29.2,24.9,100.0,100.0,25.345,100.0,100.0,100.0,73.9,13.8,8.72846994535519,494.53999999999996,61.46196721311476,366,Northwest China
Guangdong,1998,20.6,20.0,100.0,100.0,87.577,100.0,100.0,100.0,0.8,0.0,22.81539726027397,1782.93,80.02191780821917,365,South China
Guangdong,1999,18.3,17.9,100.0,100.0,87.577,100.0,100.0,96.0,0.0,0.0,22.64649315068493,1563.8400000000001,75.28780821917809,365,South China
Guangdong,2000,24.2,23.2,100.0,100.0,87.577,100.0,100.0,100.0,35.7,0.0,22.088415300546444,1748.6100000000001,80.22478142076503,366,South China
Guangdong,2001,26.3,25.3,100.0,100.0,89.177,100.0,100.0,100.0,66.6,0.0,22.09827397260274,2327.8100000000004,81.00827397260274,365,South China
Guangdong,2002,26.8,26.1,100.0,100.0,90.778,100.0,100.0,100.0,68.4,0.1,22.674602739726026,1693.45,80.1690410958904,365,South China
Guangdong,2003,29.9,29.0,100.0,100.0,92.379,100.0,100.0,100.0,91.5,7.7,22.68994520547945,1233.58,76.01589041095892,365,South China
Guangdong,2004,34.4,33.4,100.0,100.0,93.98,100.0,100.0,100.0,99.6,43.2,22.476530054644808,1364.56,73.79434426229508,366,South China
Guangdong,2005,32.7,31.9,100.0,100.0,95.581,100.0,100.0,100.0,98.6,30.1,22.660575342465755,1762.92,75.60876712328768,365,South China
Guangdong,2006,36.0,34.7,100.0,100.0,97.29,100.0,100.0,100.0,99.7,56.7,22.666958904109592,1852.6599999999999,78.77690410958904,365,South China
Guangdong,2007,37.7,36.2,100.0,100.0,98.999,100.0,100.0,100.0,100.0,71.2,22.784767123287672,1283.0700000000002,75.57120547945206,365,South China
Guangdong,2008,36.7,35.5,100.0,100.0,100.708,100.0,100.0,100.0,99.8,64.0,21.851475409836063,2132.34,77.32666666666665,366,South China
Guangdong,2009,34.2,32.3,100.0,100.0,102.418,100.0,100.0,100.0,98.6,43.6,22.73654794520548,1414.85,75.62298630136986,365,South China
Guangdong,2010,30.3,29.1,100.0,100.0,104.127,100.0,100.0,100.0,90.7,13.3,22.27668493150685,1842.5,80.74202739726027,365,South China
Guangdong,2011,36.8,35.0,100.0,100.0,105.947,100.0,100.0,100.0,100.0,69.7,21.927753424657535,1333.5700000000002,74.48638356164383,365,South China
Guangdong,2012,37.1,34.5,100.0,100.0,107.768,100.0,100.0,100.0,97.5,58.1,22.49196721311476,1617.3,79.48614754098361,366,South China
Guangdong,2013,36.2,33.0,100.0,100.0,109.588,100.0,100.0,100.0,98.3,53.2,22.20054794520548,1809.3000000000002,79.74128767123288,365,South China
Guangdong,2014,36.8,34.9,100.0,100.0,111.409,100.0,100.0,100.0,99.2,59.0,22.53717808219178,1740.27,79.15720547945205,365,South China
Guangdong,2015,33.1,30.8,100.0,100.0,113.229,100.0,100.0,100.0,97.5,35.0,23.265369863013696,1878.5900000000001,79.54613698630138,365,South China
Guangdong,2016,30.6,28.6,100.0,100.0,115.024,100.0,100.0,100.0,90.0,22.2,22.33898907103825,2306.63,84.65254098360656,366,South China
Guangdong,2017,32.2,30.0,100.0,100.0,116.82,100.0,100.0,100.0,95.0,31.9,22.903095890410963,1622.3600000000001,78.0887397260274,365,South China
Guangdong,2018,29.8,27.6,100.0,100.0,118.615,100.0,100.0,100.0,87.0,12.5,22.813589041095888,1700.2200000000003,77.54427397260274,365,South China
Guangdong,2019,28.2,25.8,100.0,100.0,120.41,100.0,100.0,100.0,76.2,2.9,23.47580821917808,1967.51,78.3371506849315,365,South China
Guangdong,2020,23.1,21.6,100.0,100.0,122.205,100.0,100.0,99.6,30.8,0.0,23.23349726775956,1716.21,77.55295081967212,366,South China
Guangdong,2021,23.2,21.9,100.0,100.0,122.205,100.0,100.0,99.5,32.0,0.0,23.833013698630136,1494.78,73.22909589041096,365,South China
Guangdong,2022,23.2,19.8,100.0,100.0,122.205,100.0,100.0,97.8,30.6,1.1,22.699424657534244,2004.62,78.19323287671233,365,South China
Guangdong,2023,23.9,20.3,100.0,100.0,122.205,100.0,100.0,99.1,35.2,0.7,23.480465753424653,1836.32,78.25747945205481,365,South China
Guangdong,2024,23.6,19.5,100.0,100.0,122.205,100.0,100.0,99.1,36.5,0.7,23.45827868852459,2352.62,77.89357923497266,366,South China
Guangxi,1998,22.7,21.8,100.0,100.0,44.599,100.0,100.0,100.0,8.1,0.0,22.627808219178082,1290.1599999999999,74.1793698630137,365,South China
Guangxi,1999,21.5,21.2,100.0,100.0,44.599,100.0,100.0,100.0,4.2,0.0,21.8567397260274,1375.86,75.88605479452053,365,South China
Guangxi,2000,24.9,24.0,100.0,100.0,44.599,100.0,100.0,100.0,45.4,0.0,21.73688524590164,1096.43,75.369043715847,366,South China
Guangxi,2001,28.7,27.0,100.0,100.0,44.777,100.0,100.0,100.0,91.0,1.4,21.565534246575343,1777.94,78.63934246575343,365,South China
Guangxi,2002,28.5,27.4,100.0,100.0,44.954,100.0,100.0,100.0,87.7,3.9,21.89227397260274,1438.48,78.72490410958905,365,South China
Guangxi,2003,30.1,28.6,100.0,100.0,45.132,100.0,100.0,100.0,97.0,5.5,21.998109589041096,1264.88,76.24079452054795,365,South China
Guangxi,2004,36.3,34.1,100.0,100.0,45.309,100.0,100.0,100.0,99.9,66.3,21.926830601092895,1046.0900000000001,71.80696721311475,366,South China
Guangxi,2005,36.4,34.9,100.0,100.0,45.487,100.0,100.0,100.0,100.0,67.0,21.907972602739726,1302.6799999999998,74.22901369863013,365,South China
Guangxi,2006,39.6,37.3,100.0,100.0,45.633,100.0,100.0,100.0,100.0,85.6,22.18268493150685,1230.02,74.35372602739726,365,South China
Guangxi,2007,42.4,39.6,100.0,100.0,45.779,100.0,100.0,100.0,100.0,92.9,21.930876712328768,1099.6100000000001,72.61646575342466,365,South China
Guangxi,2008,41.3,38.9,100.0,100.0,45.925,100.0,100.0,100.0,100.0,91.2,20.752185792349724,1722.16,77.69158469945356,366,South China
Guangxi,2009,34.8,33.1,100.0,100.0,46.071,100.0,100.0,100.0,99.9,47.5,22.02553424657534,1049.51,75.10002739726028,365,South China
Guangxi,2010,34.9,33.5,100.0,100.0,46.217,100.0,100.0,100.0,100.0,47.1,21.528356164383563,1295.74,77.85553424657535,365,South China
Guangxi,2011,40.9,38.6,100.0,100.0,46.328,100.0,100.0,100.0,100.0,91.1,20.707068493150686,1184.5899999999997,74.5027397260274,365,South China
Guangxi,2012,40.4,38.7,100.0,100.0,46.44,100.0,100.0,100.0,100.0,88.9,21.454453551912568,1261.56,78.74789617486338,366,South China
Guangxi,2013,38.1,36.1,100.0,100.0,46.552,100.0,100.0,100.0,100.0,78.4,21.328273972602737,1500.5,79.02794520547945,365,South China
Guangxi,2014,41.4,39.2,100.0,100.0,46.663,100.0,100.0,100.0,100.0,88.7,21.551260273972602,1356.3899999999999,80.05199999999999,365,South China
Guangxi,2015,36.4,34.6,100.0,100.0,46.775,100.0,100.0,100.0,99.9,61.0,22.204054794520548,1497.08,80.46786301369862,365,South China
Guangxi,2016,33.4,31.9,100.0,100.0,46.797,100.0,100.0,100.0,99.5,29.7,21.436366120218583,1558.16,82.28598360655737,366,South China
Guangxi,2017,34.6,32.4,100.0,100.0,46.819,100.0,100.0,100.0,99.5,44.9,21.789424657534248,1697.7799999999997,80.64676712328767,365,South China
Guangxi,2018,32.5,30.6,100.0,100.0,46.84,100.0,100.0,100.0,98.2,23.6,21.698410958904113,1487.3999999999999,79.99898630136987,365,South China
Guangxi,2019,30.2,28.5,100.0,100.0,46.862,100.0,100.0,100.0,96.5,9.5,22.14978082191781,1445.78,80.66408219178082,365,South China
Guangxi,2020,26.4,25.2,100.0,100.0,46.884,100.0,100.0,100.0,69.6,0.0,21.724918032786885,1549.7299999999998,81.47016393442624,366,South China
Guangxi,2021,26.0,24.8,100.0,100.0,46.884,100.0,100.0,100.0,67.1,0.1,22.53564383561644,1266.48,76.4377808219178,365,South China
Guangxi,2022,24.6,23.0,100.0,100.0,46.884,100.0,100.0,100.0,39.9,0.1,21.7238904109589,1442.77,77.53871232876712,365,South China
Guangxi,2023,24.9,23.7,100.0,100.0,46.884,100.0,100.0,100.0,46.2,0.4,22.71509589041096,1397.86,76.84657534246575,365,South China
Guangxi,2024,23.6,22.2,100.0,100.0,46.884,100.0,100.0,100.0,26.3,0.0,22.358224043715847,2166.21,79.49997267759564,366,South China
Guizhou,1998,23.8,23.6,100.0,100.0,35.912,100.0,100.0,100.0,26.8,2.1,15.202438356164384,1040.27,80.54027397260275,365,Southwest China
Guizhou,1999,25.0,24.6,100.0,100.0,35.912,100.0,100.0,100.0,35.2,3.1,14.835917808219179,1148.7399999999998,80.92610958904109,365,Southwest China
Guizhou,2000,25.8,25.3,100.0,100.0,35.912,100.0,100.0,100.0,54.7,2.0,14.106010928961751,1398.1000000000001,83.92136612021858,366,Southwest China
Guizhou,2001,26.6,26.3,100.0,100.0,35.827,100.0,100.0,100.0,65.3,2.7,14.566547945205476,960.7499999999999,82.16043835616439,365,Southwest China
Guizhou,2002,29.1,28.6,100.0,100.0,35.742,100.0,100.0,100.0,90.4,5.8,14.868082191780823,1212.31,81.92104109589042,365,Southwest China
Guizhou,2003,30.1,29.5,100.0,100.0,35.657,100.0,100.0,100.0,98.7,6.4,14.913287671232878,980.5799999999999,81.36901369863013,365,Southwest China
Guizhou,2004,32.6,31.9,100.0,100.0,35.572,100.0,100.0,100.0,99.2,22.1,14.401612021857924,1091.9499999999998,80.10196721311475,366,Southwest China
Guizhou,2005,34.7,34.3,100.0,100.0,35.487,100.0,100.0,100.0,99.1,46.1,14.529123287671233,1021.7099999999999,80.5333698630137,365,Southwest China
Guizhou,2006,36.7,36.0,100.0,100.0,35.384,100.0,100.0,100.0,100.0,67.8,14.9933698630137,1094.1799999999998,80.23320547945207,365,Southwest China
Guizhou,2007,36.7,36.2,100.0,100.0,35.281,100.0,100.0,100.0,100.0,66.3,14.748657534246576,1085.5500000000002,79.97772602739725,365,Southwest China
Guizhou,2008,38.2,37.8,100.0,100.0,35.177,100.0,100.0,100.0,100.0,81.9,13.940573770491802,1383.5100000000002,82.0986612021858,366,Southwest China
Guizhou,2009,33.7,33.1,100.0,100.0,35.074,100.0,100.0,100.0,99.9,28.8,14.533068493150685,934.13,82.45967123287672,365,Southwest China
Guizhou,2010,34.0,33.5,100.0,100.0,34.971,100.0,100.0,100.0,97.4,36.2,14.523917808219178,1149.7500000000002,80.88010958904108,365,Southwest China
Guizhou,2011,36.0,35.7,100.0,100.0,34.85,100.0,100.0,100.0,100.0,63.0,13.777123287671232,830.28,80.91813698630136,365,Southwest China
Guizhou,2012,37.8,37.6,100.0,100.0,34.729,100.0,100.0,100.0,100.0,82.3,14.106174863387977,1162.7599999999998,82.6977049180328,366,Southwest China
Guizhou,2013,34.4,33.6,100.0,100.0,34.608,100.0,100.0,100.0,100.0,39.1,14.824575342465751,984.3499999999999,80.87375342465754,365,Southwest China
Guizhou,2014,39.3,38.2,100.0,100.0,34.486,100.0,100.0,100.0,100.0,85.1,14.82219178082192,1458.14,83.38082191780822,365,Southwest China
Guizhou,2015,34.8,34.1,100.0,100.0,34.365,100.0,100.0,100.0,100.0,50.6,15.166657534246575,1382.2400000000002,84.21884931506848,365,Southwest China
Guizhou,2016,32.7,32.0,100.0,100.0,34.189,100.0,100.0,100.0,99.9,20.3,14.941803278688525,1249.83,84.21887978142077,366,Southwest China
Guizhou,2017,31.3,30.4,100.0,100.0,34.012,100.0,100.0,100.0,99.9,8.4,15.000273972602738,1198.62,83.47953424657534,365,Southwest China
Guizhou,2018,28.8,28.2,100.0,100.0,33.836,100.0,100.0,100.0,96.0,0.5,14.675561643835616,1290.99,83.67076712328766,365,Southwest China
Guizhou,2019,27.5,27.1,100.0,100.0,33.66,100.0,100.0,100.0,88.7,1.0,15.056630136986302,1413.88,84.69128767123287,365,Southwest China
Guizhou,2020,23.9,23.2,100.0,100.0,33.483,100.0,100.0,100.0,30.4,0.2,14.796939890710384,1749.5300000000002,85.6004918032787,366,Southwest China
Guizhou,2021,25.1,24.1,100.0,100.0,33.483,100.0,100.0,100.0,50.6,0.1,15.006876712328769,1487.99,85.21008219178083,365,Southwest China
Guizhou,2022,24.0,22.9,100.0,100.0,33.483,100.0,100.0,100.0,29.1,0.1,14.559479452054795,1185.7399999999998,84.77079452054795,365,Southwest China
Guizhou,2023,24.8,23.9,100.0,100.0,33.483,100.0,100.0,100.0,43.6,0.3,15.760054794520547,1039.54,80.20068493150686,365,Southwest China
Guizhou,2024,23.1,22.4,100.0,100.0,33.483,100.0,100.0,100.0,18.4,0.0,15.568224043715848,1443.85,82.26628415300546,366,Southwest China
Hainan,1998,16.1,16.0,100.0,100.0,7.587,100.0,100.0,74.1,0.0,0.0,25.442465753424656,1303.48,81.82030136986302,365,South China
Hainan,1999,14.1,14.2,100.0,100.0,7.587,100.0,100.0,26.1,0.0,0.0,24.66531506849315,1590.19,82.0315616438356,365,South China
Hainan,2000,16.1,16.2,100.0,100.0,7.587,100.0,100.0,75.9,0.0,0.0,24.312786885245906,2040.8399999999997,84.48475409836067,366,South China
Hainan,2001,17.7,17.5,100.0,100.0,7.683,100.0,100.0,90.1,0.0,0.0,24.7513698630137,2090.0299999999997,82.96843835616438,365,South China
Hainan,2002,16.4,16.5,100.0,100.0,7.779,100.0,100.0,76.0,0.0,0.0,24.86027397260274,1781.32,83.50087671232876,365,South China
Hainan,2003,17.6,17.6,100.0,100.0,7.874,100.0,100.0,91.0,0.0,0.0,25.0321095890411,1347.3400000000001,80.89972602739726,365,South China
Hainan,2004,21.7,21.6,100.0,100.0,7.97,100.0,100.0,100.0,7.9,0.0,24.60704918032787,1061.8400000000001,80.09633879781421,366,South China
Hainan,2005,21.5,21.5,100.0,100.0,8.066,100.0,100.0,99.9,13.6,0.0,24.79808219178082,1316.58,80.80473972602739,365,South China
Hainan,2006,22.1,21.8,100.0,100.0,8.166,100.0,100.0,100.0,12.1,0.0,24.95578082191781,1341.55,81.55679452054795,365,South China
Hainan,2007,23.4,22.8,100.0,100.0,8.266,100.0,100.0,100.0,36.1,0.0,24.746082191780822,1458.1400000000003,81.36838356164384,365,South China
Hainan,2008,23.3,22.4,100.0,100.0,8.366,100.0,100.0,100.0,33.8,0.0,24.083989071038257,2078.49,82.30079234972676,366,South China
Hainan,2009,20.3,20.0,100.0,100.0,8.465,100.0,100.0,99.8,0.1,0.0,24.50482191780822,2130.71,83.66131506849315,365,South China
Hainan,2010,17.9,17.7,100.0,100.0,8.565,100.0,100.0,81.6,0.3,0.0,24.962575342465755,1919.47,81.55024657534246,365,South China
Hainan,2011,24.1,23.2,100.0,100.0,8.669,100.0,100.0,100.0,42.9,0.0,23.71594520547945,1785.1100000000001,81.98186301369863,365,South China
Hainan,2012,18.0,17.7,100.0,100.0,8.773,100.0,100.0,93.5,0.3,0.0,24.634480874316942,1926.92,84.23972677595629,366,South China
Hainan,2013,21.9,21.5,100.0,100.0,8.876,100.0,100.0,100.0,3.0,0.0,24.471643835616444,2059.8999999999996,82.97323287671233,365,South China
Hainan,2014,21.3,21.3,100.0,100.0,8.98,100.0,100.0,100.0,4.9,0.0,24.66131506849315,1857.9600000000003,82.57830136986301,365,South China
Hainan,2015,20.6,20.0,100.0,100.0,9.084,100.0,100.0,99.9,0.2,0.0,25.413753424657536,1500.1600000000003,81.08449315068493,365,South China
Hainan,2016,20.3,20.4,100.0,100.0,9.181,100.0,100.0,99.2,0.0,0.0,24.794617486338797,2087.19,83.37587431693989,366,South China
Hainan,2017,20.6,20.5,100.0,100.0,9.277,100.0,100.0,98.4,0.1,0.0,24.764904109589043,2039.14,83.57345205479452,365,South China
Hainan,2018,17.6,17.0,100.0,100.0,9.374,100.0,100.0,85.7,0.0,0.0,24.651808219178083,2170.14,82.8249589041096,365,South China
Hainan,2019,16.8,16.5,100.0,100.0,9.471,100.0,100.0,73.1,0.0,0.0,25.857315068493158,1714.81,81.35175342465753,365,South China
Hainan,2020,14.7,14.8,100.0,100.0,9.568,100.0,100.0,44.1,0.0,0.0,25.607759562841533,1947.4099999999999,80.17346994535518,366,South China
Hainan,2021,15.9,16.2,100.0,100.0,9.568,100.0,100.0,66.3,0.0,0.0,25.182383561643835,1707.5700000000002,81.19008219178082,365,South China
Hainan,2022,15.6,15.6,100.0,100.0,9.568,100.0,99.9,65.2,0.0,0.0,24.582,2146.46,83.69931506849315,365,South China
Hainan,2023,14.8,14.4,100.0,100.0,9.568,100.0,100.0,42.4,0.0,0.0,25.323534246575342,2086.99,83.24290410958905,365,South China
Hainan,2024,15.7,15.5,100.0,100.0,9.568,100.0,100.0,66.4,0.0,0.0,25.44387978142077,2408.34,82.54871584699453,366,South China
Hebei,1998,37.2,28.8,100.0,100.0,67.861,100.0,100.0,98.1,91.3,68.7,14.826931506849315,416.89,48.93134246575343,365,North China
Hebei,1999,33.5,25.7,100.0,100.0,67.861,100.0,99.7,97.5,87.7,48.9,14.647643835616437,421.06999999999994,45.90060273972603,365,North China
Hebei,2000,45.4,35.3,100.0,100.0,67.861,100.0,100.0,99.9,95.9,77.3,13.496393442622951,573.2800000000001,51.131202185792354,366,North China
Hebei,2001,47.4,36.3,100.0,100.0,68.319,100.0,100.0,99.3,96.2,87.4,13.976986301369864,335.74,49.55375342465754,365,North China
Hebei,2002,51.2,38.6,100.0,100.0,68.776,100.0,100.0,100.0,96.0,85.4,13.964493150684929,438.05999999999995,48.72068493150686,365,North China
Hebei,2003,61.3,47.5,100.0,100.0,69.234,100.0,100.0,100.0,98.3,93.4,13.001479452054795,619.8500000000001,58.241917808219185,365,North China
Hebei,2004,57.5,42.2,100.0,100.0,69.692,100.0,100.0,99.9,96.6,88.4,13.589453551912568,544.64,55.05540983606558,366,North China
Hebei,2005,62.0,45.8,100.0,100.0,70.149,100.0,100.0,99.9,97.5,91.1,13.843835616438357,422.12,49.32030136986301,365,North China
Hebei,2006,71.4,52.8,100.0,100.0,70.563,100.0,100.0,100.0,97.9,93.7,14.254904109589042,436.52,49.90876712328766,365,North China
Hebei,2007,72.2,52.6,100.0,100.0,70.976,100.0,100.0,100.0,97.7,93.6,14.281616438356167,479.55,51.070054794520544,365,North China
Hebei,2008,64.2,48.1,100.0,100.0,71.39,100.0,100.0,100.0,97.9,92.0,13.492814207650275,618.9,53.76467213114755,366,North China
Hebei,2009,64.2,47.3,100.0,100.0,71.803,100.0,100.0,100.0,97.7,91.3,13.357534246575343,639.1300000000001,54.19715068493151,365,North China
Hebei,2010,63.0,47.4,100.0,100.0,72.217,100.0,100.0,100.0,98.1,92.9,12.89035616438356,476.69,54.55060273972603,365,North China
Hebei,2011,73.7,54.3,100.0,100.0,72.58,100.0,100.0,100.0,98.4,95.0,12.863917808219178,617.23,54.47183561643836,365,North China
Hebei,2012,64.6,48.2,100.0,100.0,72.944,100.0,100.0,100.0,98.0,93.7,12.555519125683062,601.24,56.00122950819672,366,North China
Hebei,2013,74.8,52.8,100.0,100.0,73.307,100.0,100.0,100.0,97.4,91.8,13.606136986301369,541.72,54.50882191780822,365,North China
Hebei,2014,83.8,59.5,100.0,100.0,73.67,100.0,100.0,100.0,98.2,95.7,14.621342465753427,368.65999999999997,49.768958904109596,365,North China
Hebei,2015,74.3,54.1,100.0,100.0,74.034,100.0,100.0,100.0,98.3,94.8,14.085479452054797,530.98,52.97750684931507,365,North China
Hebei,2016,68.1,49.4,100.0,100.0,74.256,100.0,100.0,100.0,97.7,92.9,13.947841530054644,683.04,56.30822404371584,366,North China
Hebei,2017,61.7,45.4,100.0,100.0,74.478,100.0,100.0,100.0,97.3,91.5,14.417095890410959,581.44,54.60260273972604,365,North China
Hebei,2018,53.6,40.4,100.0,100.0,74.699,100.0,100.0,100.0,97.4,89.3,14.211945205479454,482.78000000000003,52.886082191780815,365,North China
Hebei,2019,53.5,40.0,100.0,100.0,74.921,100.0,100.0,100.0,96.5,88.4,14.756876712328769,478.97,48.41742465753425,365,North China
Hebei,2020,47.7,35.9,100.0,100.0,75.143,100.0,100.0,100.0,95.8,86.4,13.948469945355189,757.0799999999999,56.82475409836066,366,North China
Hebei,2021,42.4,33.8,100.0,100.0,75.143,100.0,100.0,100.0,97.1,86.3,13.909397260273971,956.81,61.80027397260274,365,North China
Hebei,2022,42.2,31.6,100.0,100.0,75.143,100.0,100.0,99.9,95.0,82.5,13.861917808219179,623.73,58.47873972602739,365,North China
Hebei,2023,43.8,34.2,100.0,100.0,75.143,100.0,100.0,100.0,97.1,87.1,14.424328767123285,839.1100000000001,56.50032876712329,365,North China
Hebei,2024,42.6,33.0,100.0,100.0,75.143,100.0,100.0,100.0,96.7,84.0,14.739562841530056,784.66,59.38166666666666,366,North China
Heilongjiang,1998,22.3,20.5,100.0,100.0,36.668,100.0,100.0,100.0,23.7,0.2,5.012794520547946,636.12,70.21857534246575,365,Northeast China
Heilongjiang,1999,18.2,15.0,100.0,100.0,36.668,100.0,99.9,84.2,3.0,0.0,3.752520547945206,414.15999999999997,68.70386301369862,365,Northeast China
Heilongjiang,2000,21.2,17.7,100.0,100.0,36.668,100.0,100.0,98.3,18.0,0.0,4.13724043715847,402.74,65.41286885245901,366,Northeast China
Heilongjiang,2001,21.8,16.7,100.0,100.0,36.842,100.0,100.0,94.1,27.0,0.0,4.131698630136986,325.02,63.989260273972604,365,Northeast China
Heilongjiang,2002,23.4,18.6,100.0,100.0,37.015,100.0,100.0,96.2,35.3,0.0,4.624630136986302,536.02,66.23282191780821,365,Northeast China
Heilongjiang,2003,30.6,27.0,100.0,100.0,37.188,100.0,100.0,100.0,84.5,16.0,4.7694246575342465,534.94,69.0622191780822,365,Northeast China
Heilongjiang,2004,21.8,17.0,100.0,100.0,37.361,100.0,99.7,98.3,20.8,0.0,4.850409836065574,414.59000000000003,67.02437158469945,366,Northeast China
Heilongjiang,2005,20.8,15.5,100.0,100.0,37.534,100.0,100.0,85.0,24.4,0.0,3.7119726027397264,537.62,70.95443835616439,365,Northeast China
Heilongjiang,2006,24.7,18.3,100.0,100.0,37.686,100.0,100.0,96.3,38.5,14.9,4.11172602739726,472.2500000000001,66.69013698630137,365,Northeast China
Heilongjiang,2007,25.2,17.8,100.0,100.0,37.838,100.0,99.4,95.6,41.3,18.1,5.5968767123287675,398.1700000000001,65.02153424657534,365,Northeast China
Heilongjiang,2008,29.0,23.3,100.0,100.0,37.99,100.0,100.0,100.0,65.8,19.4,5.171666666666667,462.2,66.20174863387977,366,Northeast China
Heilongjiang,2009,22.6,17.0,100.0,100.0,38.143,100.0,100.0,95.3,29.8,0.0,3.6728767123287676,532.3199999999999,69.2634794520548,365,Northeast China
Heilongjiang,2010,25.3,17.8,100.0,100.0,38.295,100.0,99.8,95.6,43.6,16.0,3.0497534246575344,549.24,72.74920547945206,365,Northeast China
Heilongjiang,2011,30.9,21.9,100.0,100.0,38.424,100.0,100.0,98.6,71.7,27.1,3.2518356164383553,511.56,73.11950684931507,365,Northeast China
Heilongjiang,2012,25.3,19.0,100.0,100.0,38.553,100.0,100.0,95.7,48.9,11.8,3.235409836065575,688.83,71.18398907103825,366,Northeast China
Heilongjiang,2013,26.5,18.3,100.0,100.0,38.682,100.0,99.4,95.1,50.9,18.2,2.678465753424657,622.1399999999999,79.11964383561643,365,Northeast China
Heilongjiang,2014,35.8,23.0,100.0,100.0,38.811,100.0,100.0,99.0,77.0,39.2,4.394657534246575,445.46,70.82646575342464,365,Northeast China
Heilongjiang,2015,38.4,27.6,100.0,100.0,38.94,100.0,100.0,100.0,93.1,49.9,4.808164383561644,466.24,70.5538904109589,365,Northeast China
Heilongjiang,2016,29.5,21.0,100.0,100.0,38.999,100.0,100.0,98.8,66.4,22.6,3.7751639344262284,588.46,72.29833333333335,366,Northeast China
Heilongjiang,2017,32.8,22.1,100.0,100.0,39.058,100.0,100.0,98.9,76.0,33.0,4.388191780821917,464.83000000000004,69.82405479452055,365,Northeast China
Heilongjiang,2018,24.8,18.3,100.0,100.0,39.117,100.0,100.0,97.6,44.5,11.4,4.418410958904109,678.85,71.96024657534247,365,Northeast China
Heilongjiang,2019,27.2,19.1,100.0,100.0,39.177,100.0,100.0,97.2,51.3,20.5,5.0946849315068485,677.79,71.32561643835616,365,Northeast China
Heilongjiang,2020,27.1,19.0,100.0,100.0,39.236,100.0,99.9,97.3,53.3,18.9,4.00275956284153,836.9600000000002,79.96051912568306,366,Northeast China
Heilongjiang,2021,24.8,18.0,100.0,100.0,39.236,100.0,100.0,96.5,43.7,12.0,3.8709041095890413,678.02,80.53334246575342,365,Northeast China
Heilongjiang,2022,25.0,18.0,100.0,100.0,39.236,100.0,100.0,96.1,48.5,12.2,4.141041095890412,594.1800000000001,76.14512328767124,365,Northeast China
Heilongjiang,2023,27.7,21.6,100.0,100.0,39.236,100.0,100.0,99.8,66.0,13.1,4.340931506849315,797.9799999999999,75.38263013698631,365,Northeast China
Heilongjiang,2024,34.2,25.4,100.0,100.0,39.236,100.0,100.0,100.0,81.7,41.1,4.548879781420765,691.1299999999999,77.92844262295083,366,Northeast China
Henan,1998,35.7,33.6,100.0,100.0,92.937,100.0,100.0,100.0,99.0,61.2,15.545863013698632,858.8399999999999,63.21430136986301,365,Central China
Henan,1999,32.9,31.0,100.0,100.0,92.937,100.0,100.0,100.0,97.7,24.9,15.979780821917805,620.13,56.088630136986296,365,Central China
Henan,2000,46.2,43.8,100.0,100.0,92.937,100.0,100.0,100.0,100.0,98.3,14.921256830601092,762.5799999999999,62.77030054644809,366,Central China
Henan,2001,47.2,44.5,100.0,100.0,93.123,100.0,100.0,100.0,100.0,98.3,15.152602739726026,464.09,58.24372602739726,365,Central China
Henan,2002,51.7,48.7,100.0,100.0,93.309,100.0,100.0,100.0,100.0,99.1,15.455424657534245,615.24,57.713095890410955,365,Central China
Henan,2003,60.2,56.2,100.0,100.0,93.495,100.0,100.0,100.0,100.0,99.8,13.887068493150684,1025.77,69.98756164383562,365,Central China
Henan,2004,58.5,54.2,100.0,100.0,93.681,100.0,100.0,100.0,100.0,99.0,14.454180327868851,782.1999999999999,67.80131147540983,366,Central China
Henan,2005,67.3,62.7,100.0,100.0,93.867,100.0,100.0,100.0,100.0,100.0,14.530383561643836,770.9699999999999,64.36879452054795,365,Central China
Henan,2006,72.8,67.1,100.0,100.0,94.012,100.0,100.0,100.0,100.0,100.0,15.464821917808221,665.6200000000001,62.463342465753435,365,Central China
Henan,2007,74.0,68.4,100.0,100.0,94.156,100.0,100.0,100.0,100.0,100.0,15.438520547945204,644.01,60.09268493150685,365,Central China
Henan,2008,65.2,60.7,100.0,100.0,94.301,100.0,100.0,100.0,100.0,99.8,14.710464480874316,690.2,59.73579234972677,366,Central China
Henan,2009,64.3,59.7,100.0,100.0,94.445,100.0,100.0,100.0,100.0,99.6,14.587643835616438,741.74,62.39227397260274,365,Central China
Henan,2010,65.5,61.0,100.0,100.0,94.59,100.0,100.0,100.0,100.0,99.9,14.505561643835618,660.9,60.6217808219178,365,Central China
Henan,2011,76.7,71.6,100.0,100.0,94.691,100.0,100.0,100.0,100.0,100.0,14.331835616438358,708.9300000000001,59.82767123287672,365,Central China
Henan,2012,70.6,65.4,100.0,100.0,94.793,100.0,100.0,100.0,100.0,100.0,14.26412568306011,529.6600000000001,61.83185792349727,366,Central China
Henan,2013,74.8,68.6,100.0,100.0,94.895,100.0,100.0,100.0,100.0,99.9,15.642547945205479,457.73,56.92660273972602,365,Central China
Henan,2014,71.2,65.1,100.0,100.0,94.997,100.0,100.0,100.0,100.0,99.7,15.583506849315068,630.21,60.244027397260275,365,Central China
Henan,2015,72.3,65.7,100.0,100.0,95.098,100.0,100.0,100.0,100.0,100.0,14.922876712328769,687.09,64.12457534246576,365,Central China
Henan,2016,64.9,59.2,100.0,100.0,95.049,100.0,100.0,100.0,100.0,99.9,15.374726775956283,815.6399999999999,64.51726775956284,366,Central China
Henan,2017,61.0,56.0,100.0,100.0,94.999,100.0,100.0,100.0,100.0,99.6,15.506219178082192,697.17,64.37391780821918,365,Central China
Henan,2018,56.0,51.1,100.0,100.0,94.95,100.0,100.0,100.0,100.0,98.9,15.48027397260274,713.1800000000001,63.05838356164383,365,Central China
Henan,2019,55.6,51.0,100.0,100.0,94.9,100.0,100.0,100.0,100.0,99.2,16.04931506849315,595.48,57.268630136986296,365,Central China
Henan,2020,49.8,45.2,100.0,100.0,94.851,100.0,100.0,100.0,100.0,96.9,15.35139344262295,867.9300000000001,65.7754918032787,366,Central China
Henan,2021,43.8,39.9,100.0,100.0,94.851,100.0,100.0,100.0,99.2,93.1,15.510054794520547,1435.97,67.56002739726027,365,Central China
Henan,2022,44.5,40.2,100.0,100.0,94.851,100.0,100.0,100.0,99.4,95.6,15.55095890410959,570.24,65.12246575342466,365,Central China
Henan,2023,42.1,37.9,100.0,100.0,94.851,100.0,100.0,100.0,99.3,91.9,15.595753424657534,947.8199999999999,65.03257534246575,365,Central China
Henan,2024,42.8,38.6,100.0,100.0,94.851,100.0,100.0,100.0,99.4,92.0,15.825737704918032,1043.61,68.23650273224042,366,Central China
Hubei,1998,31.4,28.5,100.0,100.0,60.634,100.0,100.0,100.0,90.3,10.7,18.257424657534248,1440.9,74.9417808219178,365,Central China
Hubei,1999,29.3,26.8,100.0,100.0,60.634,100.0,100.0,100.0,89.4,1.1,17.76594520547945,1374.22,72.90591780821917,365,Central China
Hubei,2000,37.1,33.7,100.0,100.0,60.634,100.0,100.0,100.0,98.2,79.1,17.73893442622951,1137.08,74.07893442622951,366,Central China
Hubei,2001,38.4,34.6,100.0,100.0,60.339,100.0,100.0,100.0,99.6,81.8,18.02013698630137,931.12,70.3872602739726,365,Central China
Hubei,2002,41.9,36.9,100.0,100.0,60.043,100.0,100.0,100.0,98.2,84.6,17.47043835616438,1556.89,76.69408219178084,365,Central China
Hubei,2003,46.1,40.5,100.0,100.0,59.748,100.0,100.0,100.0,99.7,88.3,17.11767123287671,1377.21,77.23147945205478,365,Central China
Hubei,2004,46.6,40.4,100.0,100.0,59.452,100.0,100.0,100.0,99.1,88.1,17.57994535519126,1429.0900000000001,73.53060109289616,366,Central China
Hubei,2005,51.3,45.9,100.0,100.0,59.156,100.0,100.0,100.0,100.0,93.7,17.236301369863014,1240.1100000000001,73.93871232876712,365,Central China
Hubei,2006,51.4,45.6,100.0,100.0,58.848,100.0,100.0,100.0,99.9,93.2,18.00123287671233,1036.01,73.00797260273974,365,Central China
Hubei,2007,54.0,48.0,100.0,100.0,58.539,100.0,100.0,100.0,99.9,95.3,18.335150684931506,1064.9,70.32030136986302,365,Central China
Hubei,2008,56.5,49.2,100.0,100.0,58.23,100.0,100.0,100.0,99.9,94.4,17.207595628415298,1297.22,73.63456284153006,366,Central China
Hubei,2009,54.0,47.5,100.0,100.0,57.921,100.0,100.0,100.0,100.0,93.5,17.627589041095888,1124.49,72.8147397260274,365,Central China
Hubei,2010,55.2,47.9,100.0,100.0,57.612,100.0,100.0,100.0,99.9,94.1,17.064931506849316,1382.2600000000002,75.94049315068493,365,Central China
Hubei,2011,61.6,55.3,100.0,100.0,57.291,100.0,100.0,100.0,100.0,99.7,17.271342465753424,963.1099999999999,69.52364383561644,365,Central China
Hubei,2012,54.1,49.4,100.0,100.0,56.971,100.0,100.0,100.0,100.0,98.5,16.827650273224044,1375.7400000000002,74.60729508196721,366,Central China
Hubei,2013,59.1,50.5,100.0,100.0,56.65,100.0,100.0,100.0,99.9,94.7,17.754794520547946,1337.15,74.05213698630136,365,Central China
Hubei,2014,60.4,50.4,100.0,100.0,56.33,100.0,100.0,100.0,100.0,96.5,17.688986301369862,1224.08,74.27986301369863,365,Central China
Hubei,2015,57.2,48.5,100.0,100.0,56.009,100.0,100.0,100.0,99.9,95.2,17.554547945205478,1436.35,76.53224657534247,365,Central China
Hubei,2016,49.9,43.3,100.0,100.0,55.617,100.0,100.0,100.0,99.9,91.5,17.770273224043716,1840.52,78.15161202185791,366,Central China
Hubei,2017,47.0,40.3,100.0,100.0,55.225,100.0,100.0,100.0,99.7,89.1,17.851095890410956,1352.24,77.3002191780822,365,Central China
Hubei,2018,43.0,37.3,100.0,100.0,54.833,100.0,100.0,100.0,98.8,83.9,18.188438356164383,1220.8899999999999,74.20931506849315,365,Central China
Hubei,2019,42.2,36.6,100.0,100.0,54.44,100.0,100.0,100.0,98.0,83.7,18.40953424657534,1155.64,70.92553424657534,365,Central China
Hubei,2020,36.1,31.1,100.0,100.0,54.048,100.0,100.0,100.0,92.2,67.5,17.66256830601093,2298.98,79.52382513661202,366,Central China
Hubei,2021,34.6,29.5,100.0,100.0,54.048,100.0,100.0,100.0,89.0,57.6,18.388794520547943,1383.32,76.48049315068492,365,Central China
Hubei,2022,35.4,30.0,100.0,100.0,54.048,100.0,100.0,100.0,90.4,57.9,18.454712328767123,1242.09,72.97797260273973,365,Central China
Hubei,2023,36.0,29.8,100.0,100.0,54.048,100.0,100.0,100.0,89.3,64.5,18.599342465753427,1314.47,73.01383561643836,365,Central China
Hubei,2024,35.0,29.3,100.0,100.0,54.048,100.0,100.0,100.0,89.8,55.3,18.57109289617486,1505.56,75.4201912568306,366,Central China
Hunan,1998,29.1,26.9,100.0,100.0,64.476,100.0,100.0,100.0,83.2,4.1,18.3526301369863,1517.21,81.05616438356165,365,Central China
Hunan,1999,28.5,26.5,100.0,100.0,64.476,100.0,100.0,100.0,83.1,0.1,18.128575342465755,1693.64,78.8502191780822,365,Central China
Hunan,2000,33.8,31.2,100.0,100.0,64.476,100.0,100.0,100.0,98.1,42.9,17.363497267759563,1614.9899999999998,81.9885519125683,366,Central China
Hunan,2001,34.7,32.0,100.0,100.0,64.662,100.0,100.0,100.0,98.9,52.6,17.72668493150685,1499.8200000000002,79.19487671232876,365,Central China
Hunan,2002,37.7,34.5,100.0,100.0,64.847,100.0,100.0,100.0,99.3,72.9,17.92791780821918,1919.25,81.83616438356165,365,Central China
Hunan,2003,41.0,37.4,100.0,100.0,65.033,100.0,100.0,100.0,100.0,82.3,17.888520547945205,1177.77,78.33742465753424,365,Central China
Hunan,2004,42.9,39.2,100.0,100.0,65.219,100.0,100.0,100.0,100.0,87.4,18.113551912568308,1418.21,75.46005464480874,366,Central China
Hunan,2005,47.0,42.8,100.0,100.0,65.404,100.0,100.0,100.0,100.0,96.7,17.61435616438356,1566.3999999999999,78.42586301369863,365,Central China
Hunan,2006,49.6,44.9,100.0,100.0,65.544,100.0,100.0,100.0,100.0,97.1,17.994520547945207,1521.2,79.92394520547946,365,Central China
Hunan,2007,49.8,45.8,100.0,100.0,65.683,100.0,100.0,100.0,100.0,98.6,18.576191780821915,1123.0500000000002,74.7062191780822,365,Central China
Hunan,2008,54.7,49.4,100.0,100.0,65.823,100.0,100.0,100.0,100.0,98.9,17.666448087431693,1417.5900000000001,77.03734972677596,366,Central China
Hunan,2009,49.2,44.8,100.0,100.0,65.963,100.0,100.0,100.0,100.0,97.6,18.052986301369863,1317.35,77.29068493150685,365,Central China
Hunan,2010,47.8,43.0,100.0,100.0,66.102,100.0,100.0,100.0,99.6,95.3,17.43276712328767,1803.83,81.3454794520548,365,Central China
Hunan,2011,54.8,50.3,100.0,100.0,66.193,100.0,100.0,100.0,100.0,99.1,17.35835616438356,1052.3899999999999,77.11364383561644,365,Central China
Hunan,2012,53.6,49.3,100.0,100.0,66.284,100.0,100.0,100.0,100.0,99.4,16.957677595628414,1749.7,81.38193989071038,366,Central China
Hunan,2013,48.8,44.1,100.0,100.0,66.374,100.0,100.0,100.0,100.0,96.6,18.315698630136986,1271.23,77.09964383561645,365,Central China
Hunan,2014,54.9,49.5,100.0,100.0,66.465,100.0,100.0,100.0,100.0,99.0,18.004383561643834,1572.36,79.92402739726029,365,Central China
Hunan,2015,49.3,44.7,100.0,100.0,66.556,100.0,100.0,100.0,99.9,97.6,17.9286301369863,1816.35,81.75380821917808,365,Central China
Hunan,2016,43.2,39.4,100.0,100.0,66.52,100.0,100.0,100.0,99.6,91.3,18.002650273224045,1949.04,83.77699453551912,366,Central China
Hunan,2017,41.5,37.4,100.0,100.0,66.484,100.0,100.0,100.0,99.7,82.3,18.098109589041094,1864.02,81.4775890410959,365,Central China
Hunan,2018,37.3,33.8,100.0,100.0,66.448,100.0,100.0,100.0,99.3,64.5,18.21969863013699,1449.51,79.5588493150685,365,Central China
Hunan,2019,37.7,33.8,100.0,100.0,66.412,100.0,100.0,100.0,98.9,64.6,18.016712328767124,1759.84,80.5791506849315,365,Central China
Hunan,2020,32.2,29.0,100.0,100.0,66.377,100.0,100.0,100.0,88.9,32.9,18.07565573770492,1960.76,83.09434426229508,366,Central China
Hunan,2021,31.6,28.3,100.0,100.0,66.377,100.0,100.0,100.0,89.8,25.7,18.71835616438356,1623.7000000000003,80.47093150684931,365,Central China
Hunan,2022,30.4,26.7,100.0,100.0,66.377,100.0,100.0,100.0,81.2,18.4,18.496246575342465,1712.9499999999998,78.19027397260274,365,Central China
Hunan,2023,32.2,28.2,100.0,100.0,66.377,100.0,100.0,100.0,88.4,30.9,19.033616438356166,1586.29,77.608,365,Central China
Hunan,2024,30.7,27.0,100.0,100.0,66.377,100.0,100.0,100.0,83.5,22.3,18.819890710382513,2038.97,80.14273224043717,366,Central China
Jiangsu,1998,28.8,28.4,100.0,100.0,76.167,100.0,100.0,100.0,81.2,9.9,16.49917808219178,1166.82,77.85326027397261,365,East China
Jiangsu,1999,30.0,29.7,100.0,100.0,76.167,100.0,100.0,100.0,87.0,10.6,15.853479452054794,1225.46,75.44901369863014,365,East China
Jiangsu,2000,34.2,33.8,100.0,100.0,76.167,100.0,100.0,100.0,98.8,43.1,16.224617486338797,1017.3400000000001,74.94620218579234,366,East China
Jiangsu,2001,37.3,36.9,100.0,100.0,76.453,100.0,100.0,100.0,99.9,68.5,16.24287671232877,877.06,73.47978082191781,365,East China
Jiangsu,2002,43.0,42.5,100.0,100.0,76.74,100.0,100.0,100.0,100.0,94.3,16.258575342465754,1102.25,75.29167123287671,365,East China
Jiangsu,2003,46.2,45.5,100.0,100.0,77.027,100.0,100.0,100.0,100.0,98.4,15.216520547945207,1428.87,80.18731506849316,365,East China
Jiangsu,2004,45.0,44.3,100.0,100.0,77.313,100.0,100.0,100.0,100.0,92.6,16.440601092896177,949.0899999999999,71.39836065573772,366,East China
Jiangsu,2005,47.3,46.6,100.0,100.0,77.6,100.0,100.0,100.0,100.0,97.2,15.826849315068493,1018.98,73.79838356164383,365,East China
Jiangsu,2006,48.7,48.4,100.0,100.0,77.891,100.0,100.0,100.0,100.0,98.0,16.369095890410957,1089.81,75.81578082191781,365,East China
Jiangsu,2007,51.6,50.8,100.0,100.0,78.182,100.0,100.0,100.0,100.0,98.5,16.612465753424654,1050.9299999999998,75.14849315068494,365,East China
Jiangsu,2008,53.1,52.1,100.0,100.0,78.474,100.0,100.0,100.0,100.0,99.8,15.709234972677596,1023.1800000000001,74.68308743169399,366,East China
Jiangsu,2009,51.1,50.2,100.0,100.0,78.765,100.0,100.0,100.0,100.0,99.1,15.794739726027396,1323.7199999999998,76.2542191780822,365,East China
Jiangsu,2010,48.8,48.3,100.0,100.0,79.056,100.0,100.0,100.0,100.0,97.3,15.208739726027396,1253.23,78.24953424657534,365,East China
Jiangsu,2011,50.1,49.1,100.0,100.0,79.353,100.0,100.0,100.0,100.0,97.7,15.520794520547945,1081.66,72.69586301369863,365,East China
Jiangsu,2012,44.4,44.7,100.0,100.0,79.649,100.0,100.0,100.0,99.8,88.2,15.57909836065574,1029.55,73.28994535519126,366,East China
Jiangsu,2013,56.6,55.1,100.0,100.0,79.946,100.0,100.0,100.0,100.0,99.8,16.19104109589041,943.9499999999999,74.016,365,East China
Jiangsu,2014,60.3,57.7,100.0,100.0,80.242,100.0,100.0,100.0,100.0,100.0,15.93413698630137,1142.63,75.77402739726028,365,East China
Jiangsu,2015,58.5,57.3,100.0,100.0,80.539,100.0,100.0,100.0,100.0,100.0,15.627123287671232,1643.7399999999998,79.10369863013699,365,East China
Jiangsu,2016,51.4,50.5,100.0,100.0,80.748,100.0,100.0,100.0,100.0,99.8,16.07368852459016,1884.75,80.99428961748634,366,East China
Jiangsu,2017,48.0,47.2,100.0,100.0,80.958,100.0,100.0,100.0,100.0,97.8,16.174383561643836,1234.5500000000002,78.50879452054794,365,East China
Jiangsu,2018,46.4,45.6,100.0,100.0,81.167,100.0,100.0,100.0,100.0,95.4,16.54345205479452,1299.72,76.45419178082192,365,East China
Jiangsu,2019,43.7,43.0,100.0,100.0,81.376,100.0,100.0,100.0,99.8,94.4,16.86112328767123,848.5500000000001,71.97594520547946,365,East China
Jiangsu,2020,38.2,38.0,100.0,100.0,81.585,100.0,100.0,100.0,98.8,71.3,16.333360655737707,1695.47,79.77756830601093,366,East China
Jiangsu,2021,35.3,34.6,100.0,100.0,81.585,100.0,100.0,100.0,98.1,48.6,16.939616438356165,1440.77,78.43350684931505,365,East China
Jiangsu,2022,34.4,32.1,100.0,100.0,81.585,100.0,100.0,100.0,98.0,40.6,17.15827397260274,1028.46,72.92232876712329,365,East China
Jiangsu,2023,36.2,33.6,100.0,100.0,81.585,100.0,100.0,100.0,99.1,58.7,16.75254794520548,1292.4099999999999,75.27186301369863,365,East China
Jiangsu,2024,35.5,33.3,100.0,100.0,81.585,100.0,100.0,100.0,98.5,50.3,16.62224043715847,1642.79,80.3787431693989,366,East China
Jiangxi,1998,26.3,25.0,100.0,100.0,40.936,100.0,100.0,100.0,71.3,0.0,18.265287671232876,2008.6599999999999,81.59030136986301,365,East China
Jiangxi,1999,25.1,23.7,100.0,100.0,40.936,100.0,100.0,100.0,53.0,0.0,17.9773698630137,2112.33,79.33309589041096,365,East China
Jiangxi,2000,29.8,28.0,100.0,100.0,40.936,100.0,100.0,100.0,87.8,5.1,17.804945355191258,1496.16,79.82920765027323,366,East China
Jiangxi,2001,31.3,29.4,100.0,100.0,41.332,100.0,100.0,100.0,94.7,9.0,18.00487671232877,1435.35,77.77575342465754,365,East China
Jiangxi,2002,34.0,31.6,100.0,100.0,41.728,100.0,100.0,100.0,97.2,47.3,18.128109589041095,1890.7800000000002,80.66068493150685,365,East China
Jiangxi,2003,38.7,36.2,100.0,100.0,42.124,100.0,100.0,100.0,99.9,73.9,18.13208219178082,1548.38,77.64276712328767,365,East China
Jiangxi,2004,39.4,36.9,100.0,100.0,42.52,100.0,100.0,100.0,99.9,81.2,18.312213114754098,1331.07,73.80959016393442,366,East China
Jiangxi,2005,39.1,36.6,100.0,100.0,42.916,100.0,100.0,100.0,99.9,77.2,17.561013698630134,1827.86,78.34413698630136,365,East China
Jiangxi,2006,41.9,39.3,100.0,100.0,43.294,100.0,100.0,100.0,99.9,91.4,18.06268493150685,1619.6599999999999,79.34158904109589,365,East China
Jiangxi,2007,43.2,40.4,100.0,100.0,43.672,100.0,100.0,100.0,100.0,91.8,18.61890410958904,1131.04,75.22805479452055,365,East China
Jiangxi,2008,44.2,41.0,100.0,100.0,44.051,100.0,100.0,100.0,100.0,93.9,17.77306010928962,1422.9099999999999,76.64295081967214,366,East China
Jiangxi,2009,41.2,38.2,100.0,100.0,44.429,100.0,100.0,100.0,99.9,83.5,18.14627397260274,1312.16,76.72191780821917,365,East China
Jiangxi,2010,39.4,36.2,100.0,100.0,44.807,100.0,100.0,100.0,99.1,72.3,17.484164383561644,2143.04,81.11783561643836,365,East China
Jiangxi,2011,44.2,41.3,100.0,100.0,45.163,100.0,100.0,100.0,100.0,91.3,17.463835616438356,1140.6799999999998,76.43156164383561,365,East China
Jiangxi,2012,43.2,40.5,100.0,100.0,45.519,100.0,100.0,100.0,99.9,92.4,16.972486338797815,2123.19,80.856912568306,366,East China
Jiangxi,2013,41.2,38.2,100.0,100.0,45.874,100.0,100.0,100.0,100.0,79.6,18.232602739726026,1370.5,76.90912328767122,365,East China
Jiangxi,2014,44.4,41.3,100.0,100.0,46.23,100.0,100.0,100.0,100.0,93.2,18.09027397260274,1831.6,79.8386301369863,365,East China
Jiangxi,2015,40.2,37.4,100.0,100.0,46.586,100.0,100.0,100.0,99.8,75.9,17.95794520547945,2145.95,82.21613698630138,365,East China
Jiangxi,2016,37.8,34.7,100.0,100.0,46.86,100.0,100.0,100.0,98.9,65.6,18.252786885245904,2013.0700000000002,83.0301912568306,366,East China
Jiangxi,2017,38.9,35.6,100.0,100.0,47.133,100.0,100.0,100.0,99.5,69.9,18.321616438356166,1843.4299999999998,79.76139726027397,365,East China
Jiangxi,2018,32.4,30.0,100.0,100.0,47.407,100.0,100.0,100.0,94.9,34.7,18.34701369863014,1621.3899999999999,79.20150684931505,365,East China
Jiangxi,2019,31.8,29.5,100.0,100.0,47.681,100.0,100.0,100.0,94.6,27.0,18.403698630136986,1805.8899999999999,78.17638356164383,365,East China
Jiangxi,2020,27.9,25.9,100.0,100.0,47.955,100.0,100.0,100.0,74.9,5.0,18.32390710382514,2390.6,81.8981693989071,366,East China
Jiangxi,2021,26.4,24.7,100.0,100.0,47.955,100.0,100.0,100.0,64.5,0.1,18.970219178082193,1826.5700000000002,79.22065753424658,365,East China
Jiangxi,2022,24.2,21.9,100.0,100.0,47.955,100.0,100.0,99.9,39.1,1.2,18.87635616438356,1666.38,75.86112328767123,365,East China
Jiangxi,2023,26.0,23.6,100.0,100.0,47.955,100.0,100.0,100.0,54.3,4.3,18.963863013698628,1868.7399999999998,78.77243835616439,365,East China
Jiangxi,2024,24.7,22.1,100.0,100.0,47.955,100.0,100.0,100.0,43.7,5.1,18.984945355191257,2013.9499999999998,79.41907103825137,366,East China
Jilin,1998,25.9,22.5,100.0,100.0,27.298,100.0,100.0,100.0,64.7,0.0,6.476657534246576,687.99,69.07068493150685,365,Northeast China
Jilin,1999,21.6,18.5,100.0,100.0,27.298,100.0,100.0,98.8,18.7,0.0,5.194575342465753,509.19,67.70553424657535,365,Northeast China
Jilin,2000,26.2,22.5,100.0,100.0,27.298,100.0,100.0,100.0,63.5,0.4,4.8030874316939896,484.57000000000005,67.64114754098361,366,Northeast China
Jilin,2001,28.3,24.2,100.0,100.0,27.34,100.0,100.0,100.0,77.7,3.1,4.959561643835617,440.76,66.2815890410959,365,Northeast China
Jilin,2002,29.2,25.5,100.0,100.0,27.382,100.0,100.0,100.0,86.5,4.5,5.9621369863013705,530.34,63.99309589041095,365,Northeast China
Jilin,2003,35.7,31.3,100.0,100.0,27.425,100.0,100.0,100.0,97.0,62.2,6.067041095890412,563.9,67.91758904109588,365,Northeast China
Jilin,2004,26.5,22.7,100.0,100.0,27.467,100.0,100.0,100.0,65.0,0.5,6.062650273224045,532.04,67.18076502732241,366,Northeast China
Jilin,2005,28.0,23.9,100.0,100.0,27.509,100.0,100.0,100.0,77.7,1.4,4.541178082191781,714.45,73.30613698630137,365,Northeast China
Jilin,2006,33.7,28.6,100.0,100.0,27.53,100.0,100.0,100.0,90.4,51.0,5.229561643835616,582.3199999999999,69.46298630136985,365,Northeast China
Jilin,2007,34.7,28.6,100.0,100.0,27.552,100.0,100.0,99.9,90.8,55.5,6.498630136986302,489.98,65.65273972602739,365,Northeast China
Jilin,2008,36.9,30.8,100.0,100.0,27.573,100.0,100.0,100.0,94.3,66.7,5.814726775956284,680.3,68.36598360655738,366,Northeast China
Jilin,2009,30.6,26.0,100.0,100.0,27.594,100.0,100.0,100.0,83.4,23.5,5.010301369863014,521.16,67.79005479452053,365,Northeast China
Jilin,2010,29.7,24.3,100.0,100.0,27.615,100.0,100.0,99.9,80.6,20.5,3.8010136986301384,850.27,75.6585205479452,365,Northeast China
Jilin,2011,37.4,30.8,100.0,100.0,27.614,100.0,100.0,100.0,93.0,67.0,4.251287671232877,493.72999999999996,73.11863013698631,365,Northeast China
Jilin,2012,30.9,25.7,100.0,100.0,27.614,100.0,100.0,100.0,87.5,22.0,3.9666666666666663,754.4100000000001,72.60073770491805,366,Northeast China
Jilin,2013,32.2,26.5,100.0,100.0,27.613,100.0,100.0,100.0,86.0,33.1,3.8425479452054794,766.5,79.16580821917807,365,Northeast China
Jilin,2014,43.6,33.5,100.0,100.0,27.613,100.0,100.0,100.0,94.7,76.3,5.5791506849315065,507.78999999999996,70.75399999999999,365,Northeast China
Jilin,2015,45.7,36.6,100.0,100.0,27.612,100.0,100.0,100.0,97.0,86.5,6.012849315068493,528.24,68.63939726027397,365,Northeast China
Jilin,2016,36.4,29.9,100.0,100.0,27.558,100.0,100.0,100.0,93.8,62.8,5.246612021857923,831.72,72.0293169398907,366,Northeast China
Jilin,2017,36.2,28.7,100.0,100.0,27.504,100.0,100.0,100.0,89.0,60.5,5.595506849315069,604.7199999999999,70.43926027397261,365,Northeast China
Jilin,2018,28.8,23.8,100.0,100.0,27.449,100.0,100.0,99.9,78.2,13.1,5.727698630136988,688.78,69.78961643835616,365,Northeast China
Jilin,2019,30.9,26.0,100.0,100.0,27.395,100.0,100.0,100.0,84.2,25.2,6.377561643835616,773.27,69.38816438356164,365,Northeast China
Jilin,2020,33.5,27.0,100.0,100.0,27.341,100.0,100.0,100.0,84.0,50.6,5.170273224043716,784.4599999999999,77.53852459016393,366,Northeast China
Jilin,2021,28.3,23.5,100.0,100.0,27.341,100.0,100.0,99.8,73.7,11.0,5.60495890410959,811.71,78.08610958904109,365,Northeast China
Jilin,2022,26.4,21.6,100.0,100.0,27.341,100.0,100.0,99.7,63.6,3.5,5.393452054794521,836.22,76.69306849315069,365,Northeast China
Jilin,2023,29.7,25.0,100.0,100.0,27.341,100.0,100.0,100.0,82.4,17.3,5.960575342465755,655.3199999999999,74.58906849315069,365,Northeast China
Jilin,2024,32.2,26.8,100.0,100.0,27.341,100.0,100.0,100.0,84.6,36.0,6.251693989071038,968.5200000000001,75.74997267759564,366,Northeast China
Liaoning,1998,31.3,28.1,100.0,100.0,42.347,100.0,100.0,100.0,95.4,21.9,9.141726027397262,653.28,64.58076712328767,365,Northeast China
Liaoning,1999,25.8,23.4,100.0,100.0,42.347,100.0,100.0,100.0,58.5,0.0,8.488164383561644,432.23,61.01279452054795,365,Northeast China
Liaoning,2000,30.2,27.0,100.0,100.0,42.347,100.0,100.0,100.0,91.0,19.2,7.968169398907103,391.22,60.98688524590163,366,Northeast China
Liaoning,2001,36.1,32.4,100.0,100.0,42.497,100.0,100.0,100.0,99.0,53.2,7.819890410958905,474.49999999999994,61.17180821917808,365,Northeast China
Liaoning,2002,31.7,28.9,100.0,100.0,42.648,100.0,100.0,100.0,97.2,20.2,8.51441095890411,520.77,59.9882191780822,365,Northeast China
Liaoning,2003,40.6,37.0,100.0,100.0,42.798,100.0,100.0,100.0,100.0,87.6,8.415232876712329,582.72,64.29638356164384,365,Northeast China
Liaoning,2004,34.7,30.6,100.0,100.0,42.949,100.0,100.0,100.0,99.0,48.9,8.463169398907104,641.1099999999999,64.42204918032787,366,Northeast China
Liaoning,2005,35.9,32.3,100.0,100.0,43.1,100.0,100.0,100.0,99.6,55.9,6.9223561643835625,716.04,69.92657534246574,365,Northeast China
Liaoning,2006,43.3,38.4,100.0,100.0,43.225,100.0,100.0,100.0,99.9,91.1,7.842712328767123,506.16999999999996,66.2370410958904,365,Northeast China
Liaoning,2007,41.8,36.9,100.0,100.0,43.35,100.0,100.0,100.0,99.9,88.3,8.908027397260273,508.86,63.15438356164383,365,Northeast China
Liaoning,2008,45.0,39.4,100.0,100.0,43.476,100.0,100.0,100.0,100.0,94.0,8.231830601092897,594.0799999999999,63.83040983606558,366,Northeast China
Liaoning,2009,41.8,36.3,100.0,100.0,43.601,100.0,100.0,100.0,99.7,85.7,7.710246575342467,541.3000000000001,63.135123287671234,365,Northeast China
Liaoning,2010,36.4,32.0,100.0,100.0,43.726,100.0,100.0,100.0,97.2,63.6,6.7738356164383555,895.35,69.1038904109589,365,Northeast China
Liaoning,2011,43.5,37.8,100.0,100.0,43.824,100.0,100.0,100.0,100.0,90.2,7.122328767123288,512.4100000000001,68.32008219178083,365,Northeast China
Liaoning,2012,36.9,32.2,100.0,100.0,43.922,100.0,100.0,100.0,99.0,62.6,6.613114754098359,795.09,69.15849726775957,366,Northeast China
Liaoning,2013,37.3,32.8,100.0,100.0,44.02,100.0,100.0,100.0,99.5,61.0,7.1554520547945195,707.3,71.5734794520548,365,Northeast China
Liaoning,2014,50.4,42.2,100.0,100.0,44.118,100.0,100.0,100.0,100.0,94.7,8.979342465753424,395.47,62.70605479452055,365,Northeast China
Liaoning,2015,49.8,41.8,100.0,100.0,44.216,100.0,100.0,100.0,100.0,96.4,8.574958904109588,538.0699999999999,63.504684931506844,365,Northeast China
Liaoning,2016,42.3,36.1,100.0,100.0,44.235,100.0,100.0,100.0,100.0,86.7,8.117131147540983,759.8499999999999,65.96729508196721,366,Northeast China
Liaoning,2017,40.2,34.5,100.0,100.0,44.253,100.0,100.0,100.0,99.7,77.2,8.781561643835616,461.84,61.954547945205476,365,Northeast China
Liaoning,2018,34.9,30.1,100.0,100.0,44.271,100.0,100.0,100.0,97.9,45.4,8.479917808219179,581.7199999999999,62.6745205479452,365,Northeast China
Liaoning,2019,37.4,32.1,100.0,100.0,44.29,100.0,100.0,100.0,99.1,64.5,8.686465753424658,825.1199999999999,64.74641095890412,365,Northeast China
Liaoning,2020,36.3,31.3,100.0,100.0,44.308,100.0,100.0,100.0,98.9,52.6,7.969398907103824,825.07,71.71355191256832,366,Northeast China
Liaoning,2021,32.7,28.1,100.0,100.0,44.308,100.0,100.0,100.0,91.9,32.7,8.07572602739726,875.36,73.71117808219178,365,Northeast China
Liaoning,2022,31.0,26.1,100.0,100.0,44.308,100.0,100.0,100.0,86.2,24.6,7.373041095890412,1074.54,74.54106849315068,365,Northeast China
Liaoning,2023,34.3,30.0,100.0,100.0,44.308,100.0,100.0,100.0,97.0,46.9,8.21682191780822,782.64,73.09180821917809,365,Northeast China
Liaoning,2024,34.2,29.8,100.0,100.0,44.308,100.0,100.0,100.0,97.1,43.0,8.569016393442624,1065.19,73.32543715846995,366,Northeast China
Nei Mongol,1998,19.5,17.6,100.0,100.0,24.022,100.0,99.2,78.7,10.2,0.0,5.278712328767123,452.02,56.737753424657534,365,North China
Nei Mongol,1999,17.1,15.5,100.0,100.0,24.022,100.0,96.7,65.3,1.4,0.0,5.318712328767123,255.23000000000002,51.103726027397265,365,North China
Nei Mongol,2000,20.5,17.5,100.0,100.0,24.022,100.0,100.0,83.7,19.8,0.0,4.280765027322404,282.42,52.14625683060109,366,North China
Nei Mongol,2001,20.9,17.6,100.0,100.0,24.133,100.0,99.3,76.4,29.3,0.0,4.837534246575342,271.42,50.457287671232876,365,North China
Nei Mongol,2002,21.8,18.3,100.0,100.0,24.243,100.0,100.0,86.4,32.8,0.0,4.676821917808219,409.09000000000003,55.13545205479453,365,North China
Nei Mongol,2003,28.7,25.5,100.0,100.0,24.354,100.0,100.0,100.0,79.4,8.4,3.8311232876712324,540.6800000000001,62.55676712328768,365,North China
Nei Mongol,2004,22.0,17.8,100.0,100.0,24.464,100.0,99.3,80.3,37.5,0.0,4.383715846994535,374.08,57.26106557377049,366,North China
Nei Mongol,2005,22.4,17.2,100.0,100.0,24.575,100.0,99.6,80.4,43.3,0.0,4.270328767123288,229.43,52.100986301369865,365,North China
Nei Mongol,2006,25.9,19.8,100.0,100.0,24.683,100.0,100.0,89.5,57.8,9.1,5.061452054794521,277.6,51.983506849315056,365,North China
Nei Mongol,2007,25.7,19.8,100.0,100.0,24.792,100.0,99.6,87.2,57.8,9.1,5.255315068493151,263.62,52.56150684931507,365,North China
Nei Mongol,2008,26.4,21.0,100.0,100.0,24.9,100.0,100.0,99.7,61.2,2.9,3.848387978142076,451.38,57.40472677595628,366,North China
Nei Mongol,2009,24.8,18.7,100.0,100.0,25.009,100.0,99.9,83.5,54.1,5.4,4.3677534246575345,228.78000000000003,52.5382191780822,365,North China
Nei Mongol,2010,25.2,19.0,100.0,100.0,25.117,100.0,99.9,87.3,57.1,3.4,3.866657534246576,394.18000000000006,54.56230136986301,365,North China
Nei Mongol,2011,27.7,19.9,100.0,100.0,25.224,100.0,100.0,89.8,65.5,23.0,3.9938082191780824,206.56,54.1475890410959,365,North China
Nei Mongol,2012,26.6,19.6,100.0,100.0,25.331,100.0,100.0,87.6,61.1,16.0,3.082540983606557,496.22,58.41546448087431,366,North China
Nei Mongol,2013,23.0,17.1,100.0,100.0,25.438,100.0,96.1,81.0,47.0,1.3,4.517260273972602,444.08000000000004,57.29827397260275,365,North China
Nei Mongol,2014,28.2,19.8,100.0,100.0,25.544,100.0,100.0,93.3,62.3,25.0,5.216136986301369,353.0,54.04739726027397,365,North China
Nei Mongol,2015,31.6,23.6,100.0,100.0,25.651,100.0,100.0,99.9,73.9,34.3,4.967452054794521,354.11999999999995,56.0271506849315,365,North China
Nei Mongol,2016,27.3,20.4,100.0,100.0,25.727,100.0,100.0,95.6,58.7,18.8,4.356174863387978,470.29,59.633797814207654,366,North China
Nei Mongol,2017,26.0,17.5,100.0,100.0,25.803,100.0,99.8,87.1,50.4,17.1,5.315698630136986,335.62,55.01156164383562,365,North China
Nei Mongol,2018,24.9,18.6,100.0,100.0,25.879,100.0,100.0,87.9,50.5,13.0,4.727643835616439,473.01,56.864164383561636,365,North China
Nei Mongol,2019,23.9,17.6,100.0,100.0,25.954,100.0,100.0,88.2,42.1,13.7,4.993397260273973,448.8,56.712547945205486,365,North China
Nei Mongol,2020,25.1,17.5,100.0,100.0,26.03,100.0,99.9,86.5,47.3,15.1,4.602431693989072,429.2,59.14213114754097,366,North China
Nei Mongol,2021,24.5,18.8,100.0,100.0,26.03,100.0,100.0,90.0,51.7,2.3,5.132630136986301,383.74,58.11084931506849,365,North China
Nei Mongol,2022,22.9,17.8,100.0,100.0,26.03,100.0,100.0,89.0,37.8,3.9,5.06786301369863,313.88,54.29621917808219,365,North China
Nei Mongol,2023,26.8,20.0,100.0,100.0,26.03,100.0,100.0,98.1,59.4,11.5,5.460602739726028,341.93,54.145315068493154,365,North China
Nei Mongol,2024,26.3,20.5,100.0,100.0,26.03,100.0,100.0,98.9,53.1,10.0,5.560081967213115,678.9000000000001,64.64516393442622,366,North China
Ningxia Hui,1998,23.9,22.1,100.0,100.0,5.588,100.0,100.0,99.8,45.9,0.0,10.078794520547945,238.45,45.67780821917809,365,Northwest China
Ningxia Hui,1999,23.2,21.9,100.0,100.0,5.588,100.0,100.0,100.0,26.7,0.0,9.919424657534247,174.45,41.05282191780822,365,Northwest China
Ningxia Hui,2000,29.1,27.9,100.0,100.0,5.588,100.0,100.0,100.0,95.0,0.0,9.317513661202186,139.39,42.104972677595626,366,Northwest China
Ningxia Hui,2001,31.8,30.1,100.0,100.0,5.659,100.0,100.0,100.0,100.0,15.7,9.373041095890411,204.97,44.05093150684932,365,Northwest China
Ningxia Hui,2002,29.6,27.5,100.0,100.0,5.73,100.0,100.0,100.0,94.5,4.1,9.443999999999999,287.40999999999997,47.56008219178082,365,Northwest China
Ningxia Hui,2003,31.5,29.2,100.0,100.0,5.801,100.0,100.0,100.0,99.5,17.6,9.207671232876713,213.68,47.05128767123288,365,Northwest China
Ningxia Hui,2004,29.4,26.7,100.0,100.0,5.872,100.0,100.0,100.0,89.6,12.3,9.311229508196721,170.00000000000003,43.128989071038255,366,Northwest China
Ningxia Hui,2005,31.8,29.3,100.0,100.0,5.944,100.0,100.0,100.0,99.8,20.0,9.362356164383563,108.01,41.20164383561644,365,Northwest China
Ningxia Hui,2006,37.0,34.4,100.0,100.0,6.022,100.0,100.0,100.0,100.0,61.9,10.027452054794521,186.12,43.123698630136985,365,Northwest China
Ningxia Hui,2007,35.3,32.1,100.0,100.0,6.101,100.0,100.0,100.0,99.7,47.3,9.570219178082192,238.39,45.90868493150685,365,Northwest China
Ningxia Hui,2008,33.7,31.0,100.0,100.0,6.18,100.0,100.0,100.0,99.5,42.8,8.869863387978143,195.15,45.0370218579235,366,Northwest China
Ningxia Hui,2009,33.3,30.6,100.0,100.0,6.259,100.0,100.0,100.0,100.0,43.7,9.40786301369863,177.64,44.70758904109589,365,Northwest China
Ningxia Hui,2010,34.3,30.8,100.0,100.0,6.337,100.0,100.0,100.0,99.9,43.5,8.965232876712328,207.45,45.55805479452055,365,Northwest China
Ningxia Hui,2011,38.7,34.8,100.0,100.0,6.424,100.0,100.0,100.0,100.0,71.5,8.771315068493152,185.42,46.85827397260273,365,Northwest China
Ningxia Hui,2012,37.6,32.7,100.0,100.0,6.511,100.0,100.0,100.0,100.0,55.9,8.573469945355193,276.9,47.042841530054645,366,Northwest China
Ningxia Hui,2013,33.2,29.5,100.0,100.0,6.597,100.0,100.0,100.0,99.7,36.0,10.020054794520547,167.52,42.27684931506849,365,Northwest China
Ningxia Hui,2014,36.2,30.8,100.0,100.0,6.684,100.0,100.0,100.0,99.5,52.4,9.800794520547946,195.76999999999998,44.262383561643844,365,Northwest China
Ningxia Hui,2015,38.8,33.9,100.0,100.0,6.771,100.0,100.0,100.0,100.0,65.0,9.943041095890411,230.67000000000002,46.26512328767124,365,Northwest China
Ningxia Hui,2016,36.9,31.4,100.0,100.0,6.858,100.0,100.0,100.0,100.0,56.8,9.613333333333332,271.29999999999995,50.14934426229508,366,Northwest China
Ningxia Hui,2017,36.1,30.6,100.0,100.0,6.945,100.0,100.0,100.0,100.0,55.9,10.05813698630137,245.56999999999996,47.03213698630138,365,Northwest China
Ningxia Hui,2018,33.6,30.1,100.0,100.0,7.032,100.0,100.0,100.0,99.3,37.2,9.564493150684932,302.4,48.11917808219178,365,Northwest China
Ningxia Hui,2019,28.8,24.5,100.0,100.0,7.118,100.0,100.0,100.0,69.5,15.2,9.800082191780822,200.54,48.75265753424658,365,Northwest China
Ningxia Hui,2020,31.4,26.0,100.0,100.0,7.205,100.0,100.0,100.0,77.0,34.6,9.813114754098361,228.96999999999997,46.06306010928962,366,Northwest China
Ningxia Hui,2021,28.9,25.0,100.0,100.0,7.205,100.0,100.0,100.0,71.6,11.5,10.179424657534247,200.33999999999997,45.67816438356164,365,Northwest China
Ningxia Hui,2022,35.0,28.9,100.0,100.0,7.205,100.0,100.0,100.0,96.7,46.3,10.169452054794522,302.88,47.51895890410958,365,Northwest China
Ningxia Hui,2023,34.3,28.7,100.0,100.0,7.205,100.0,100.0,100.0,96.4,44.7,10.36476712328767,169.8,44.90830136986301,365,Northwest China
Ningxia Hui,2024,34.0,28.2,100.0,100.0,7.205,100.0,100.0,100.0,93.9,44.4,10.620737704918032,408.72,53.46939890710382,366,Northwest China
Qinghai,1998,17.5,11.6,100.0,100.0,4.914,100.0,94.9,75.1,1.8,0.0,6.0099178082191775,411.61,48.745315068493156,365,Northwest China
Qinghai,1999,18.0,12.4,100.0,100.0,4.914,100.0,98.9,73.8,15.4,0.0,5.402438356164383,440.52,50.5525205479452,365,Northwest China
Qinghai,2000,25.4,14.9,100.0,100.0,4.914,100.0,99.5,90.1,55.1,5.5,5.001612021857923,395.96000000000004,51.53778688524591,366,Northwest China
Qinghai,2001,27.9,16.7,100.0,100.0,4.986,100.0,99.9,94.2,65.9,19.1,5.305671232876712,437.3,51.19443835616438,365,Northwest China
Qinghai,2002,26.9,14.6,100.0,100.0,5.059,100.0,98.9,93.2,57.9,20.6,5.363671232876713,433.61,52.76117808219178,365,Northwest China
Qinghai,2003,28.3,15.8,100.0,100.0,5.131,100.0,96.6,93.1,72.2,20.9,5.142328767123288,586.48,55.35320547945206,365,Northwest China
Qinghai,2004,27.3,15.3,100.0,100.0,5.204,100.0,96.4,93.2,59.1,20.8,4.998633879781421,472.75,53.978415300546445,366,Northwest China
Qinghai,2005,29.1,14.5,100.0,100.0,5.276,100.0,98.8,91.2,67.2,28.7,4.966164383561643,530.53,56.82704109589041,365,Northwest China
Qinghai,2006,30.0,15.4,100.0,100.0,5.353,100.0,99.5,92.4,75.0,30.7,5.733808219178083,426.86,53.73312328767123,365,Northwest China
Qinghai,2007,31.3,17.1,100.0,100.0,5.43,100.0,99.1,93.3,75.0,35.0,5.297178082191781,578.9100000000001,56.021232876712325,365,Northwest China
Qinghai,2008,31.2,17.3,100.0,100.0,5.507,100.0,99.6,92.4,74.5,34.0,4.858196721311475,469.27,55.00251366120218,366,Northwest China
Qinghai,2009,30.3,16.1,100.0,100.0,5.584,100.0,99.2,92.0,76.3,30.1,5.359698630136986,520.3599999999999,54.61435616438356,365,Northwest China
Qinghai,2010,29.7,16.1,100.0,100.0,5.661,100.0,99.9,92.3,69.5,26.3,5.500739726027398,471.30999999999995,52.793232876712324,365,Northwest China
Qinghai,2011,33.6,17.0,100.0,100.0,5.743,100.0,98.2,92.4,78.5,50.8,4.864191780821917,478.1,55.28476712328768,365,Northwest China
Qinghai,2012,30.3,16.4,100.0,100.0,5.825,100.0,100.0,92.5,68.7,31.7,4.326939890710382,530.31,58.6291256830601,366,Northwest China
Qinghai,2013,30.3,15.5,100.0,100.0,5.907,100.0,99.5,91.0,71.6,31.1,5.6324657534246585,439.92999999999995,52.181041095890414,365,Northwest China
Qinghai,2014,33.8,16.4,100.0,100.0,5.988,100.0,100.0,92.2,70.2,39.4,5.099890410958904,511.99999999999994,54.84509589041096,365,Northwest China
Qinghai,2015,36.0,23.9,100.0,100.0,6.07,100.0,100.0,98.4,85.3,56.0,5.680767123287671,372.48,53.58271232876713,365,Northwest China
Qinghai,2016,33.2,21.4,100.0,100.0,6.15,100.0,100.0,96.5,80.2,36.9,5.92568306010929,507.58000000000004,54.53521857923497,366,Northwest China
Qinghai,2017,28.2,16.5,100.0,100.0,6.229,100.0,100.0,91.2,64.0,22.3,5.369917808219179,512.71,57.762356164383554,365,Northwest China
Qinghai,2018,28.2,16.0,100.0,100.0,6.308,100.0,100.0,89.4,57.3,23.9,5.143041095890411,591.2199999999999,59.53082191780822,365,Northwest China
Qinghai,2019,22.4,13.3,100.0,100.0,6.388,100.0,93.7,84.7,31.1,14.4,5.094821917808219,627.01,60.3912602739726,365,Northwest China
Qinghai,2020,22.2,12.6,100.0,100.0,6.467,100.0,92.6,80.9,29.9,15.0,4.814945355191257,588.81,61.19412568306011,366,Northwest China
Qinghai,2021,23.4,13.5,100.0,100.0,6.467,100.0,98.6,86.4,37.5,15.5,5.318082191780822,552.6500000000001,56.5998904109589,365,Northwest China
Qinghai,2022,26.1,14.2,100.0,100.0,6.467,100.0,94.6,87.2,48.9,22.0,5.592328767123288,611.26,59.46961643835616,365,Northwest China
Qinghai,2023,28.3,15.9,100.0,100.0,6.467,100.0,96.8,89.3,63.9,24.8,5.839780821917807,525.72,55.48564383561644,365,Northwest China
Qinghai,2024,27.6,15.6,100.0,100.0,6.467,100.0,98.0,88.6,56.4,22.5,5.768306010928962,684.27,61.745710382513664,366,Northwest China
Shaanxi,1998,27.3,22.3,100.0,100.0,36.233,100.0,100.0,99.9,58.8,7.0,15.515972602739726,629.21,55.595780821917806,365,Northwest China
Shaanxi,1999,25.6,21.3,100.0,100.0,36.233,100.0,100.0,99.8,51.5,0.0,15.357068493150685,611.67,52.633753424657534,365,Northwest China
Shaanxi,2000,33.7,28.2,100.0,100.0,36.233,100.0,100.0,100.0,91.6,41.1,14.614617486338798,618.54,56.69685792349726,366,Northwest China
Shaanxi,2001,34.3,28.7,100.0,100.0,36.376,100.0,100.0,100.0,95.1,44.0,14.923643835616438,482.42999999999995,54.477999999999994,365,Northwest China
Shaanxi,2002,35.4,28.8,100.0,100.0,36.519,100.0,100.0,100.0,93.2,50.7,15.463863013698628,515.16,53.74197260273972,365,Northwest China
Shaanxi,2003,38.9,31.5,100.0,100.0,36.661,100.0,100.0,100.0,98.5,62.1,14.023397260273976,912.5899999999999,62.35298630136986,365,Northwest China
Shaanxi,2004,37.7,28.8,100.0,100.0,36.804,100.0,100.0,100.0,92.1,56.0,14.36655737704918,560.58,59.75412568306012,366,Northwest China
Shaanxi,2005,48.9,35.6,100.0,100.0,36.947,100.0,100.0,100.0,99.7,77.9,14.382191780821918,692.16,58.742438356164385,365,Northwest China
Shaanxi,2006,49.8,37.1,100.0,100.0,37.067,100.0,100.0,100.0,99.9,83.3,15.118547945205481,623.2,59.42690410958904,365,Northwest China
Shaanxi,2007,49.6,36.7,100.0,100.0,37.187,100.0,100.0,100.0,99.7,83.5,14.676356164383565,648.94,57.75810958904109,365,Northwest China
Shaanxi,2008,44.6,33.4,100.0,100.0,37.307,100.0,100.0,100.0,99.3,70.9,14.02464480874317,578.3100000000001,56.770327868852455,366,Northwest China
Shaanxi,2009,46.8,33.8,100.0,100.0,37.427,100.0,100.0,100.0,99.9,70.4,14.382739726027399,705.36,59.26742465753425,365,Northwest China
Shaanxi,2010,49.8,35.8,100.0,100.0,37.547,100.0,100.0,100.0,99.7,79.3,14.12358904109589,812.88,60.60947945205479,365,Northwest China
Shaanxi,2011,58.5,42.9,100.0,100.0,37.643,100.0,100.0,100.0,100.0,95.0,13.297835616438356,822.9200000000001,62.672164383561636,365,Northwest China
Shaanxi,2012,55.5,40.8,100.0,100.0,37.739,100.0,100.0,100.0,100.0,90.4,13.30155737704918,624.99,62.898032786885246,366,Northwest China
Shaanxi,2013,51.2,36.0,100.0,100.0,37.835,100.0,100.0,100.0,99.6,80.6,15.232438356164383,651.6200000000001,56.831616438356164,365,Northwest China
Shaanxi,2014,50.3,36.5,100.0,100.0,37.93,100.0,100.0,100.0,99.8,83.2,14.55441095890411,726.8800000000001,60.16654794520548,365,Northwest China
Shaanxi,2015,49.0,36.8,100.0,100.0,38.026,100.0,100.0,100.0,99.4,83.9,14.464246575342464,698.32,62.47761643835617,365,Northwest China
Shaanxi,2016,49.9,34.2,100.0,100.0,38.053,100.0,100.0,100.0,99.2,71.8,15.050109289617486,674.55,59.545081967213115,366,Northwest China
Shaanxi,2017,50.8,35.0,100.0,100.0,38.079,100.0,100.0,100.0,98.3,73.9,14.775835616438357,813.3599999999999,61.4448493150685,365,Northwest China
Shaanxi,2018,44.0,32.1,100.0,100.0,38.106,100.0,100.0,100.0,99.0,62.6,14.539671232876714,717.1,61.69046575342465,365,Northwest China
Shaanxi,2019,44.0,30.6,100.0,100.0,38.132,100.0,100.0,100.0,93.8,62.3,14.802246575342465,746.52,60.99800000000001,365,Northwest China
Shaanxi,2020,39.3,27.6,100.0,100.0,38.159,100.0,100.0,100.0,88.3,55.7,14.39450819672131,839.9499999999999,64.714043715847,366,Northwest China
Shaanxi,2021,34.8,25.8,100.0,100.0,38.159,100.0,100.0,100.0,79.7,50.8,14.560246575342465,1087.4299999999998,65.69032876712329,365,Northwest China
Shaanxi,2022,39.4,26.6,100.0,100.0,38.159,100.0,100.0,100.0,80.6,56.5,14.93808219178082,765.56,64.54065753424659,365,Northwest China
Shaanxi,2023,38.4,26.9,100.0,100.0,38.159,100.0,100.0,100.0,83.5,55.9,14.501726027397257,1040.1799999999998,64.94912328767123,365,Northwest China
Shaanxi,2024,36.8,26.4,100.0,100.0,38.159,100.0,100.0,100.0,82.7,52.6,15.528989071038254,794.16,63.777896174863386,366,Northwest China
Shandong,1998,34.4,33.3,100.0,100.0,91.091,100.0,100.0,100.0,97.7,47.6,13.806575342465756,767.54,64.5548493150685,365,East China
Shandong,1999,30.7,29.8,100.0,100.0,91.091,100.0,100.0,100.0,87.6,23.3,13.896000000000003,576.98,58.617698630136985,365,East China
Shandong,2000,37.6,36.2,100.0,100.0,91.091,100.0,100.0,100.0,94.7,62.3,13.190655737704917,681.96,61.462021857923496,366,East China
Shandong,2001,40.8,39.9,100.0,100.0,91.586,100.0,100.0,100.0,96.3,77.0,13.031315068493152,554.99,61.478273972602736,365,East China
Shandong,2002,45.5,44.4,100.0,100.0,92.082,100.0,100.0,100.0,96.0,84.1,13.816,416.57,55.61378082191781,365,East China
Shandong,2003,54.1,53.0,100.0,100.0,92.577,100.0,100.0,100.0,100.0,94.3,12.195917808219178,966.96,68.07400000000001,365,East China
Shandong,2004,52.5,51.5,100.0,100.0,93.072,100.0,100.0,100.0,98.7,90.8,12.425491803278689,939.3799999999999,70.05311475409836,366,East China
Shandong,2005,55.6,54.3,100.0,100.0,93.567,100.0,100.0,100.0,99.5,93.3,12.32219178082192,874.87,66.03386301369864,365,East China
Shandong,2006,64.3,62.9,100.0,100.0,94.003,100.0,100.0,100.0,100.0,96.6,13.559287671232875,602.23,64.43926027397261,365,East China
Shandong,2007,64.2,62.8,100.0,100.0,94.439,100.0,100.0,100.0,100.0,97.0,13.42054794520548,738.93,63.34035616438356,365,East China
Shandong,2008,60.8,59.5,100.0,100.0,94.875,100.0,100.0,100.0,100.0,97.3,12.697131147540983,697.76,63.599207650273215,366,East China
Shandong,2009,58.3,56.9,100.0,100.0,95.311,100.0,100.0,100.0,100.0,95.9,12.71827397260274,726.64,62.64432876712329,365,East China
Shandong,2010,58.9,57.4,100.0,100.0,95.747,100.0,100.0,100.0,99.6,95.0,12.318876712328768,786.3099999999998,63.84805479452055,365,East China
Shandong,2011,62.8,61.7,100.0,100.0,96.117,100.0,100.0,100.0,100.0,97.4,12.071534246575345,796.3,64.4401095890411,365,East China
Shandong,2012,59.8,58.1,100.0,100.0,96.487,100.0,100.0,100.0,99.4,93.5,12.455081967213113,611.0500000000001,64.53707650273223,366,East China
Shandong,2013,65.6,63.9,100.0,100.0,96.857,100.0,100.0,100.0,100.0,95.4,12.794958904109588,733.99,64.7275890410959,365,East China
Shandong,2014,65.4,64.3,100.0,100.0,97.228,100.0,100.0,100.0,100.0,99.0,13.845424657534247,567.5799999999999,61.45641095890411,365,East China
Shandong,2015,70.6,68.4,100.0,100.0,97.598,100.0,100.0,100.0,100.0,98.8,13.419643835616439,672.46,62.872904109589044,365,East China
Shandong,2016,62.8,60.7,100.0,100.0,97.784,100.0,100.0,100.0,100.0,97.7,13.447677595628416,824.7,65.36950819672131,366,East China
Shandong,2017,56.0,54.4,100.0,100.0,97.97,100.0,100.0,100.0,99.6,94.4,13.912520547945205,641.62,62.870684931506844,365,East China
Shandong,2018,50.2,48.3,100.0,100.0,98.156,100.0,100.0,100.0,97.9,90.4,13.746301369863012,882.44,63.34408219178082,365,East China
Shandong,2019,52.6,51.0,100.0,100.0,98.342,100.0,100.0,100.0,99.9,95.3,14.141013698630138,720.93,60.15065753424657,365,East China
Shandong,2020,45.8,44.2,100.0,100.0,98.529,100.0,100.0,100.0,98.9,89.8,13.29516393442623,1015.9200000000001,68.27341530054645,366,East China
Shandong,2021,41.3,39.9,100.0,100.0,98.529,100.0,100.0,100.0,96.9,82.1,13.281397260273973,1231.98,72.01389041095891,365,East China
Shandong,2022,39.2,37.2,100.0,100.0,98.529,100.0,100.0,100.0,97.0,77.3,12.897287671232874,1056.4399999999998,71.68482191780822,365,East China
Shandong,2023,40.5,38.9,100.0,100.0,98.529,100.0,100.0,100.0,98.0,83.9,13.65945205479452,870.97,67.09400000000001,365,East China
Shandong,2024,39.1,37.4,100.0,100.0,98.529,100.0,100.0,100.0,97.1,77.0,14.111256830601093,1039.39,68.0498087431694,366,East China
Shanghai,1998,24.9,24.1,100.0,100.0,16.643,100.0,100.0,100.0,69.9,0.0,17.52095890410959,1084.29,79.63347945205479,365,East China
Shanghai,1999,25.1,23.8,100.0,100.0,16.643,100.0,100.0,100.0,70.0,0.0,16.57172602739726,1425.01,79.19147945205479,365,East China
Shanghai,2000,28.5,27.8,100.0,100.0,16.643,100.0,100.0,100.0,98.4,0.0,16.919262295081968,1293.8300000000002,79.1655737704918,366,East China
Shanghai,2001,31.0,30.1,100.0,100.0,17.239,100.0,100.0,100.0,99.8,0.1,16.714602739726026,1284.38,79.10512328767123,365,East China
Shanghai,2002,37.3,35.9,100.0,100.0,17.835,100.0,100.0,100.0,99.9,88.9,16.979616438356164,1417.69,79.68232876712328,365,East China
Shanghai,2003,38.9,37.6,100.0,100.0,18.431,100.0,100.0,100.0,100.0,96.6,16.889424657534246,802.11,77.19227397260273,365,East China
Shanghai,2004,36.1,34.7,100.0,100.0,19.027,100.0,100.0,100.0,99.8,82.0,17.263169398907102,1016.03,74.30196721311475,366,East China
Shanghai,2005,36.0,34.7,100.0,100.0,19.623,100.0,100.0,100.0,99.8,77.0,16.699315068493153,1043.28,75.59646575342465,365,East China
Shanghai,2006,39.1,38.4,100.0,100.0,20.306,100.0,100.0,100.0,100.0,97.3,17.288520547945208,1127.44,78.55290410958904,365,East China
Shanghai,2007,42.1,41.3,100.0,100.0,20.989,100.0,100.0,100.0,99.9,99.5,17.39490410958904,1194.54,78.54676712328767,365,East China
Shanghai,2008,44.4,43.5,100.0,100.0,21.672,100.0,100.0,100.0,99.9,99.8,16.5383606557377,1126.35,77.85535519125682,366,East China
Shanghai,2009,42.7,41.7,100.0,100.0,22.356,100.0,100.0,100.0,99.9,99.7,16.812273972602743,1290.75,78.31298630136986,365,East China
Shanghai,2010,37.3,36.1,100.0,100.0,23.039,100.0,100.0,100.0,99.9,93.6,16.28564383561644,1211.38,79.41928767123288,365,East China
Shanghai,2011,38.6,38.3,100.0,100.0,23.818,100.0,100.0,100.0,99.9,95.7,16.36778082191781,1011.72,75.834301369863,365,East China
Shanghai,2012,29.7,31.4,100.0,100.0,24.597,100.0,100.0,100.0,99.9,7.6,16.256475409836064,1291.75,78.16655737704917,366,East China
Shanghai,2013,48.2,45.2,100.0,100.0,25.376,100.0,100.0,100.0,100.0,99.8,17.028164383561645,1074.33,76.54764383561644,365,East China
Shanghai,2014,49.5,47.9,100.0,100.0,26.155,100.0,100.0,100.0,99.9,99.9,16.559835616438356,1314.09,79.0206301369863,365,East China
Shanghai,2015,51.1,48.7,100.0,100.0,26.934,100.0,100.0,100.0,100.0,99.9,16.60131506849315,1671.35,79.75789041095891,365,East China
Shanghai,2016,43.5,41.0,100.0,100.0,27.782,100.0,100.0,100.0,99.9,99.1,17.18341530054645,1697.9899999999998,81.30896174863389,366,East China
Shanghai,2017,39.2,37.1,100.0,100.0,28.63,100.0,100.0,100.0,99.9,94.5,17.189013698630138,1371.12,78.64734246575343,365,East China
Shanghai,2018,36.6,34.5,100.0,100.0,29.477,100.0,100.0,100.0,99.9,87.1,17.364520547945204,1435.81,79.83101369863013,365,East China
Shanghai,2019,35.0,32.7,100.0,100.0,30.325,100.0,100.0,100.0,99.6,64.3,17.146219178082195,1563.86,79.49583561643837,365,East China
Shanghai,2020,31.0,28.3,100.0,100.0,31.172,100.0,100.0,100.0,95.7,0.0,17.32674863387978,1763.9899999999998,80.66092896174862,366,East China
Shanghai,2021,28.7,26.2,100.0,100.0,31.172,100.0,100.0,100.0,91.6,0.0,17.762821917808218,1687.3899999999999,79.53153424657535,365,East China
Shanghai,2022,29.8,26.4,100.0,100.0,31.172,100.0,100.0,99.9,91.9,0.0,17.91158904109589,1211.3400000000001,76.96805479452055,365,East China
Shanghai,2023,35.0,30.8,100.0,100.0,31.172,100.0,100.0,100.0,97.6,68.8,17.809671232876713,1322.5700000000002,77.6668493150685,365,East China
Shanghai,2024,34.2,29.8,100.0,100.0,31.172,100.0,100.0,100.0,97.1,60.9,17.92103825136612,1761.8899999999999,80.91513661202187,366,East China
Shanxi,1998,29.8,25.3,100.0,100.0,33.112,100.0,100.0,99.8,74.4,24.7,9.590794520547945,405.77,52.359972602739724,365,North China
Shanxi,1999,27.8,23.6,100.0,100.0,33.112,100.0,100.0,99.0,69.5,9.7,9.576246575342466,307.93,48.83454794520548,365,North China
Shanxi,2000,41.0,36.0,100.0,100.0,33.112,100.0,100.0,100.0,96.2,72.6,8.486448087431693,427.12,53.71101092896175,366,North China
Shanxi,2001,40.5,35.8,100.0,100.0,33.402,100.0,100.0,100.0,97.6,75.0,8.744493150684931,327.55999999999995,52.59413698630137,365,North China
Shanxi,2002,43.7,39.1,100.0,100.0,33.693,100.0,100.0,100.0,99.0,78.3,8.834328767123289,434.65999999999997,54.94421917808219,365,North China
Shanxi,2003,48.4,42.6,100.0,100.0,33.984,100.0,100.0,100.0,100.0,89.3,7.876684931506849,560.32,62.84024657534246,365,North China
Shanxi,2004,43.8,37.6,100.0,100.0,34.275,100.0,100.0,100.0,99.1,75.2,8.378934426229508,457.54999999999995,57.50158469945356,366,North China
Shanxi,2005,51.9,43.6,100.0,100.0,34.565,100.0,100.0,100.0,99.9,86.7,8.519972602739726,369.04,53.00035616438356,365,North China
Shanxi,2006,56.4,48.2,100.0,100.0,34.843,100.0,100.0,100.0,100.0,96.5,9.023013698630136,435.28,55.818301369863015,365,North China
Shanxi,2007,56.1,47.4,100.0,100.0,35.122,100.0,100.0,100.0,100.0,94.3,8.767808219178082,545.56,56.37049315068494,365,North China
Shanxi,2008,47.4,39.9,100.0,100.0,35.4,100.0,100.0,100.0,99.9,82.7,7.953606557377049,449.25,57.392814207650275,366,North China
Shanxi,2009,46.9,39.0,100.0,100.0,35.678,100.0,100.0,100.0,100.0,80.4,8.198684931506849,543.65,56.868493150684934,365,North China
Shanxi,2010,50.4,41.8,100.0,100.0,35.956,100.0,100.0,100.0,100.0,88.1,8.133205479452055,437.8,56.93950684931507,365,North China
Shanxi,2011,60.9,51.3,100.0,100.0,36.219,100.0,100.0,100.0,100.0,97.8,7.589232876712328,527.51,58.35049315068493,365,North China
Shanxi,2012,54.8,46.8,100.0,100.0,36.481,100.0,100.0,100.0,100.0,94.9,7.405956284153007,501.61,58.90101092896175,366,North China
Shanxi,2013,52.4,43.3,100.0,100.0,36.744,100.0,100.0,100.0,99.7,85.3,8.916246575342466,549.0500000000001,56.37690410958904,365,North China
Shanxi,2014,53.2,43.4,100.0,100.0,37.006,100.0,100.0,100.0,99.9,92.3,8.936246575342466,448.04999999999995,56.297917808219175,365,North China
Shanxi,2015,51.1,43.5,100.0,100.0,37.269,100.0,100.0,100.0,100.0,92.4,9.160082191780823,413.12,56.5473698630137,365,North China
Shanxi,2016,49.9,40.7,100.0,100.0,37.469,100.0,100.0,100.0,99.8,87.1,8.863306010928962,598.55,59.997158469945354,366,North China
Shanxi,2017,51.5,41.8,100.0,100.0,37.669,100.0,100.0,100.0,98.9,88.1,9.208438356164383,581.23,58.6848493150685,365,North China
Shanxi,2018,44.7,36.9,100.0,100.0,37.87,100.0,100.0,100.0,99.8,79.7,8.922986301369864,469.80999999999995,58.27021917808219,365,North China
Shanxi,2019,44.4,36.9,100.0,100.0,38.07,100.0,100.0,100.0,98.9,74.4,9.550109589041096,417.37,53.95172602739725,365,North China
Shanxi,2020,40.1,33.5,100.0,100.0,38.27,100.0,100.0,100.0,99.6,69.4,8.708715846994535,680.58,60.18530054644809,366,North China
Shanxi,2021,37.1,31.3,100.0,100.0,38.27,100.0,100.0,100.0,98.5,56.4,8.999013698630138,579.24,61.18775342465753,365,North China
Shanxi,2022,38.8,30.7,100.0,100.0,38.27,100.0,100.0,100.0,93.4,59.7,8.95704109589041,645.49,59.9935890410959,365,North China
Shanxi,2023,38.8,31.7,100.0,100.0,38.27,100.0,100.0,100.0,98.5,60.9,9.334958904109588,511.4699999999999,57.67646575342466,365,North China
Shanxi,2024,38.0,31.7,100.0,100.0,38.27,100.0,100.0,100.0,99.2,57.6,10.204071038251367,513.28,59.05434426229508,366,North China
Sichuan,1998,32.7,18.2,100.0,100.0,83.914,100.0,99.0,95.0,83.6,46.0,18.13931506849315,984.3500000000001,67.79619178082191,365,Southwest China
Sichuan,1999,32.2,18.9,100.0,100.0,83.914,100.0,99.7,95.2,83.0,38.8,17.49964383561644,984.58,70.03871232876713,365,Southwest China
Sichuan,2000,35.8,22.4,100.0,100.0,83.914,100.0,99.9,98.6,88.8,65.2,17.096284153005463,876.8499999999999,70.13284153005465,366,Southwest China
Sichuan,2001,36.8,23.4,100.0,100.0,83.607,100.0,100.0,99.3,90.3,68.0,17.497479452054794,999.37,69.60939726027398,365,Southwest China
Sichuan,2002,40.7,24.7,100.0,100.0,83.299,100.0,100.0,99.0,91.5,77.7,17.738246575342462,830.3700000000001,69.98005479452056,365,Southwest China
Sichuan,2003,43.3,25.5,100.0,100.0,82.992,100.0,99.7,98.9,92.9,81.8,17.36641095890411,887.44,70.44904109589041,365,Southwest China
Sichuan,2004,44.4,25.9,100.0,100.0,82.684,100.0,99.8,99.2,92.0,82.3,16.94934426229508,998.06,71.33773224043716,366,Southwest China
Sichuan,2005,47.3,27.5,100.0,100.0,82.377,100.0,99.9,99.2,93.7,84.8,16.982712328767125,1013.35,72.1178904109589,365,Southwest China
Sichuan,2006,52.1,30.5,100.0,100.0,82.088,100.0,100.0,99.3,95.5,88.5,18.225178082191782,811.08,68.0468493150685,365,Southwest China
Sichuan,2007,47.3,27.6,100.0,100.0,81.799,100.0,99.9,99.1,93.9,84.1,17.69435616438356,1038.01,69.89558904109589,365,Southwest China
Sichuan,2008,51.1,29.1,100.0,100.0,81.511,100.0,99.9,98.9,94.3,86.6,16.844672131147544,982.22,72.80691256830602,366,Southwest China
Sichuan,2009,49.1,28.6,100.0,100.0,81.222,100.0,99.9,99.1,93.9,86.5,17.32613698630137,954.3400000000001,71.62071232876713,365,Southwest China
Sichuan,2010,54.2,29.7,100.0,100.0,80.933,100.0,99.9,99.0,92.9,88.0,16.87986301369863,1049.47,72.99630136986302,365,Southwest China
Sichuan,2011,51.6,29.7,100.0,100.0,80.664,100.0,99.8,99.1,94.2,89.2,16.88717808219178,902.92,71.05353424657534,365,Southwest China
Sichuan,2012,48.3,28.9,100.0,100.0,80.395,100.0,100.0,99.1,94.6,87.7,16.521147540983605,1076.49,73.39336065573771,366,Southwest China
Sichuan,2013,53.6,29.5,100.0,100.0,80.125,100.0,100.0,99.1,94.6,87.4,17.874904109589043,1053.27,71.21147945205479,365,Southwest China
Sichuan,2014,47.7,27.6,100.0,100.0,79.856,100.0,100.0,99.4,92.5,85.2,17.351068493150684,968.6999999999999,72.05786301369864,365,Southwest China
Sichuan,2015,45.5,27.2,100.0,100.0,79.586,100.0,100.0,99.5,93.2,82.9,18.327616438356163,890.06,70.56,365,Southwest China
Sichuan,2016,44.0,27.3,100.0,100.0,79.247,100.0,100.0,99.6,93.6,83.3,18.01341530054645,840.47,71.0028961748634,366,Southwest China
Sichuan,2017,40.9,23.5,100.0,100.0,78.909,100.0,99.9,98.2,90.6,77.2,17.951068493150682,996.1999999999999,71.19660273972603,365,Southwest China
Sichuan,2018,36.2,21.9,100.0,100.0,78.57,100.0,100.0,98.0,90.5,58.8,17.500520547945207,1182.31,73.68158904109589,365,Southwest China
Sichuan,2019,34.0,19.9,100.0,100.0,78.231,100.0,99.3,97.0,87.5,48.6,17.583561643835615,1070.0900000000001,74.18079452054793,365,Southwest China
Sichuan,2020,30.4,18.1,100.0,100.0,77.892,100.0,99.4,96.9,83.2,26.2,17.523387978142075,1256.78,74.87459016393443,366,Southwest China
Sichuan,2021,31.6,19.6,100.0,100.0,77.892,100.0,99.9,98.3,82.9,34.8,17.583178082191782,1358.49,77.09449315068494,365,Southwest China
Sichuan,2022,32.9,19.2,100.0,100.0,77.892,100.0,99.6,98.0,82.5,44.3,18.139616438356164,907.7,74.22846575342466,365,Southwest China
Sichuan,2023,34.5,20.3,100.0,100.0,77.892,100.0,99.8,97.4,83.8,53.0,18.498657534246576,979.96,70.342,365,Southwest China
Sichuan,2024,31.1,19.1,100.0,100.0,77.892,100.0,99.7,97.0,79.8,29.8,18.96346994535519,1020.7600000000001,71.76035519125683,366,Southwest China
Tianjin,1998,38.3,36.8,100.0,100.0,9.991,100.0,100.0,100.0,100.0,90.7,12.665506849315069,683.79,59.053123287671234,365,North China
Tianjin,1999,34.0,31.9,100.0,100.0,9.991,100.0,100.0,100.0,100.0,53.5,12.71317808219178,403.81999999999994,54.64882191780823,365,North China
Tianjin,2000,44.7,40.9,100.0,100.0,9.991,100.0,100.0,100.0,100.0,98.3,12.192131147540982,427.98999999999995,54.53603825136613,366,North China
Tianjin,2001,48.1,45.0,100.0,100.0,10.273,100.0,100.0,100.0,100.0,100.0,11.986630136986303,491.40999999999997,55.093369863013706,365,North China
Tianjin,2002,51.6,46.8,100.0,100.0,10.555,100.0,100.0,100.0,100.0,100.0,12.344273972602739,359.85,53.60172602739726,365,North China
Tianjin,2003,62.5,59.8,100.0,100.0,10.837,100.0,100.0,100.0,100.0,100.0,11.754246575342465,562.32,60.00071232876712,365,North China
Tianjin,2004,59.0,54.3,100.0,100.0,11.118,100.0,100.0,100.0,100.0,100.0,11.84467213114754,598.57,60.335054644808736,366,North China
Tianjin,2005,62.4,57.7,100.0,100.0,11.4,100.0,100.0,100.0,100.0,100.0,11.408493150684933,673.88,59.65649315068494,365,North China
Tianjin,2006,71.4,67.7,100.0,100.0,11.71,100.0,100.0,100.0,100.0,100.0,12.127999999999998,435.34999999999997,58.736739726027395,365,North China
Tianjin,2007,71.4,68.0,100.0,100.0,12.021,100.0,100.0,100.0,100.0,100.0,12.527479452054797,534.25,58.67764383561645,365,North China
Tianjin,2008,68.9,67.2,100.0,100.0,12.332,100.0,100.0,100.0,100.0,100.0,11.73773224043716,604.54,60.183606557377054,366,North China
Tianjin,2009,70.7,65.7,100.0,100.0,12.642,100.0,100.0,100.0,100.0,100.0,11.671205479452054,534.99,58.699205479452054,365,North China
Tianjin,2010,64.7,60.6,100.0,100.0,12.953,100.0,100.0,100.0,100.0,100.0,10.948575342465752,540.6,58.87109589041097,365,North China
Tianjin,2011,71.7,68.7,100.0,100.0,13.293,100.0,100.0,100.0,100.0,100.0,11.379424657534246,622.29,59.40517808219178,365,North China
Tianjin,2012,62.2,60.4,100.0,100.0,13.633,100.0,100.0,100.0,100.0,100.0,10.919071038251367,809.09,62.42811475409837,366,North China
Tianjin,2013,73.2,71.4,100.0,100.0,13.973,100.0,100.0,100.0,100.0,100.0,11.293123287671232,522.1000000000001,63.666191780821904,365,North China
Tianjin,2014,86.0,84.0,100.0,100.0,14.313,100.0,100.0,100.0,100.0,100.0,12.885972602739724,465.1700000000001,58.23956164383562,365,North China
Tianjin,2015,75.9,73.4,100.0,100.0,14.653,100.0,100.0,100.0,100.0,100.0,12.405726027397261,541.24,59.634328767123286,365,North China
Tianjin,2016,71.7,67.9,100.0,100.0,15.005,100.0,100.0,100.0,100.0,100.0,12.279972677595628,689.4300000000001,59.88595628415301,366,North China
Tianjin,2017,63.3,60.1,100.0,100.0,15.357,100.0,100.0,100.0,100.0,100.0,12.86172602739726,489.21,57.731534246575336,365,North China
Tianjin,2018,55.5,51.3,100.0,100.0,15.708,100.0,100.0,100.0,100.0,100.0,12.52931506849315,601.4499999999999,57.41397260273972,365,North China
Tianjin,2019,56.1,51.1,100.0,100.0,16.06,100.0,100.0,100.0,100.0,99.9,13.083945205479454,482.98,55.102821917808214,365,North China
Tianjin,2020,53.1,47.6,100.0,100.0,16.411,100.0,100.0,100.0,100.0,99.4,12.447841530054644,678.38,60.71366120218578,366,North China
Tianjin,2021,46.7,43.4,100.0,100.0,16.411,100.0,100.0,100.0,100.0,99.3,12.073479452054794,1148.51,67.2277808219178,365,North China
Tianjin,2022,48.2,40.6,100.0,100.0,16.411,100.0,100.0,100.0,100.0,96.0,11.452602739726027,882.1999999999999,67.70369863013698,365,North China
Tianjin,2023,51.0,44.3,100.0,100.0,16.411,100.0,100.0,100.0,100.0,99.7,12.73586301369863,686.27,62.505671232876715,365,North China
Tianjin,2024,49.1,39.6,100.0,100.0,16.411,100.0,100.0,100.0,100.0,89.1,13.00691256830601,941.72,64.52371584699453,366,North China
Xinjiang Uygur,1998,33.1,21.8,100.0,100.0,18.808,100.0,95.7,83.6,65.9,32.3,11.04558904109589,303.94,46.34501369863014,365,Northwest China
Xinjiang Uygur,1999,31.4,19.8,100.0,100.0,18.808,99.8,94.3,83.5,65.6,31.0,11.206219178082193,297.39,45.482383561643836,365,Northwest China
Xinjiang Uygur,2000,36.3,23.1,100.0,100.0,18.808,100.0,97.9,87.4,74.6,49.4,10.81172131147541,281.81,46.276393442622954,366,Northwest China
Xinjiang Uygur,2001,38.6,26.3,100.0,100.0,19.115,99.9,98.8,89.2,75.9,53.1,11.074547945205481,234.88,45.30260273972602,365,Northwest China
Xinjiang Uygur,2002,39.9,25.9,100.0,100.0,19.421,99.9,98.3,90.8,75.6,54.7,11.59868493150685,293.23,45.24613698630137,365,Northwest China
Xinjiang Uygur,2003,36.9,24.8,100.0,100.0,19.727,100.0,97.6,87.6,71.9,51.5,10.34786301369863,318.43,46.94945205479453,365,Northwest China
Xinjiang Uygur,2004,37.5,23.8,100.0,100.0,20.034,100.0,98.1,89.9,75.6,53.5,11.052404371584698,285.39,45.51215846994537,366,Northwest China
Xinjiang Uygur,2005,35.6,22.9,100.0,100.0,20.34,99.9,97.1,88.7,73.5,49.2,10.753589041095891,272.45,47.77049315068492,365,Northwest China
Xinjiang Uygur,2006,45.0,28.7,100.0,100.0,20.662,100.0,99.3,90.7,77.2,57.6,11.637342465753425,232.41,45.220904109589036,365,Northwest China
Xinjiang Uygur,2007,42.0,29.3,100.0,100.0,20.984,100.0,99.4,92.3,78.9,62.6,11.532575342465751,379.28,45.15257534246575,365,Northwest China
Xinjiang Uygur,2008,44.7,31.0,100.0,100.0,21.306,100.0,99.2,92.8,79.0,62.8,11.485983606557376,170.09,40.92390710382514,366,Northwest China
Xinjiang Uygur,2009,41.4,26.7,100.0,100.0,21.628,99.8,98.0,90.0,75.3,62.1,10.723013698630137,308.15,44.56813698630137,365,Northwest China
Xinjiang Uygur,2010,44.4,29.5,100.0,100.0,21.95,99.8,98.3,89.4,76.6,63.0,10.42772602739726,259.53000000000003,45.64241095890411,365,Northwest China
Xinjiang Uygur,2011,43.8,30.6,100.0,100.0,22.288,100.0,99.3,90.5,75.6,62.5,9.580547945205478,352.12,52.071561643835615,365,Northwest China
Xinjiang Uygur,2012,46.5,31.0,100.0,100.0,22.626,100.0,99.4,94.4,80.7,66.5,10.077377049180328,254.33999999999997,45.30385245901639,366,Northwest China
Xinjiang Uygur,2013,45.2,30.0,100.0,100.0,22.963,100.0,98.6,92.5,78.8,65.4,11.351232876712329,274.18,46.889534246575344,365,Northwest China
Xinjiang Uygur,2014,46.7,30.4,100.0,100.0,23.301,100.0,99.1,92.7,80.4,66.0,10.049698630136987,262.81,45.11956164383562,365,Northwest China
Xinjiang Uygur,2015,51.1,34.6,100.0,100.0,23.638,100.0,99.4,93.9,83.3,67.9,11.14454794520548,362.74,48.0948493150685,365,Northwest China
Xinjiang Uygur,2016,57.2,37.4,100.0,100.0,23.962,100.0,98.4,92.3,82.1,71.9,11.286639344262294,352.71000000000004,50.06322404371585,366,Northwest China
Xinjiang Uygur,2017,47.5,29.1,100.0,100.0,24.286,100.0,98.9,93.4,79.4,65.3,10.964054794520546,280.45000000000005,47.537561643835616,365,Northwest China
Xinjiang Uygur,2018,47.5,28.8,100.0,100.0,24.609,100.0,98.8,91.4,79.6,67.7,9.557095890410958,304.68000000000006,49.02791780821917,365,Northwest China
Xinjiang Uygur,2019,47.1,30.9,100.0,100.0,24.933,100.0,98.1,90.1,80.5,67.6,10.800328767123288,253.19,47.44693150684931,365,Northwest China
Xinjiang Uygur,2020,50.2,33.3,100.0,100.0,25.257,100.0,99.0,92.9,82.3,69.1,10.469972677595628,255.29000000000002,46.41325136612022,366,Northwest China
Xinjiang Uygur,2021,44.2,29.9,100.0,100.0,25.257,100.0,99.3,92.5,79.8,63.5,10.899561643835616,256.61,45.31978082191781,365,Northwest China
Xinjiang Uygur,2022,53.6,33.0,100.0,100.0,25.257,100.0,99.7,92.1,80.8,67.8,11.40331506849315,201.79000000000002,42.432547945205485,365,Northwest China
Xinjiang Uygur,2023,47.5,29.3,100.0,100.0,25.257,100.0,99.1,91.1,78.4,68.7,11.25654794520548,242.16,45.587698630136984,365,Northwest China
Xinjiang Uygur,2024,44.5,28.6,100.0,100.0,25.257,100.0,98.5,90.1,76.9,64.0,11.003688524590164,439.87999999999994,50.1686612021858,366,Northwest China
Xizang,1998,7.5,7.4,100.0,100.0,2.67,99.8,1.5,0.0,0.0,0.0,4.66104109589041,466.45,44.73750684931507,365,Southwest China
Xizang,1999,9.5,9.7,100.0,100.0,2.67,100.0,32.9,0.0,0.0,0.0,4.582575342465753,474.7099999999999,45.34334246575342,365,Southwest China
Xizang,2000,10.1,9.6,100.0,100.0,2.67,100.0,49.8,1.0,0.0,0.0,3.6273224043715846,498.78999999999996,46.917841530054645,366,Southwest China
Xizang,2001,10.7,10.2,100.0,100.0,2.705,100.0,67.0,1.9,0.0,0.0,4.136054794520549,456.57,45.27126027397261,365,Southwest China
Xizang,2002,10.3,9.0,100.0,100.0,2.74,100.0,64.6,0.5,0.0,0.0,3.963013698630137,478.77,44.971917808219175,365,Southwest China
Xizang,2003,10.1,9.8,100.0,100.0,2.776,100.0,46.6,4.5,0.0,0.0,3.9755616438356163,504.69,47.24805479452055,365,Southwest China
Xizang,2004,10.5,9.7,100.0,100.0,2.811,100.0,48.4,4.6,0.1,0.0,3.796885245901639,513.46,47.657377049180326,366,Southwest China
Xizang,2005,10.7,9.6,100.0,100.0,2.847,100.0,66.0,1.6,0.0,0.0,4.2245479452054795,448.5799999999999,45.726684931506846,365,Southwest China
Xizang,2006,10.4,9.7,100.0,100.0,2.882,100.0,56.4,1.6,0.0,0.0,4.872465753424657,314.93,41.38709589041096,365,Southwest China
Xizang,2007,10.5,9.4,100.0,100.0,2.918,100.0,58.4,0.8,0.0,0.0,4.590712328767123,472.5,42.62972602739727,365,Southwest China
Xizang,2008,11.3,10.8,100.0,100.0,2.954,100.0,66.3,7.1,0.2,0.0,3.97808743169399,540.22,47.24620218579235,366,Southwest China
Xizang,2009,11.0,10.0,100.0,100.0,2.989,100.0,64.8,5.2,0.1,0.0,4.966246575342465,324.37,42.69852054794521,365,Southwest China
Xizang,2010,11.0,10.1,100.0,100.0,3.025,100.0,73.3,3.1,0.0,0.0,4.834219178082192,353.54,42.49164383561644,365,Southwest China
Xizang,2011,10.6,9.5,100.0,100.0,3.061,100.0,52.3,2.8,0.0,0.0,4.137808219178082,411.84000000000003,43.21638356164384,365,Southwest China
Xizang,2012,12.9,11.3,100.0,100.0,3.096,100.0,93.4,17.0,0.0,0.0,4.221530054644809,335.44000000000005,41.024480874316936,366,Southwest China
Xizang,2013,11.8,10.4,100.0,100.0,3.132,100.0,80.3,9.4,0.0,0.0,4.348027397260274,530.17,45.45457534246575,365,Southwest China
Xizang,2014,13.6,11.8,100.0,100.0,3.168,100.0,95.3,20.8,0.0,0.0,4.265534246575343,564.61,48.50887671232877,365,Southwest China
Xizang,2015,15.9,15.0,100.0,100.0,3.204,100.0,99.9,50.8,1.5,0.0,4.770109589041096,321.56,45.601506849315065,365,Southwest China
Xizang,2016,15.5,14.6,100.0,100.0,3.235,100.0,98.9,56.5,0.1,0.0,4.9742076502732235,543.8999999999999,45.950956284153015,366,Southwest China
Xizang,2017,11.9,10.8,100.0,100.0,3.267,100.0,84.5,8.2,0.1,0.0,4.778904109589042,551.44,47.284383561643835,365,Southwest China
Xizang,2018,12.3,11.6,100.0,100.0,3.298,100.0,92.1,5.5,0.1,0.0,4.47613698630137,523.58,46.6647397260274,365,Southwest China
Xizang,2019,9.1,8.5,100.0,100.0,3.33,100.0,21.8,1.4,0.0,0.0,4.275945205479452,519.6800000000001,48.15898630136986,365,Southwest China
Xizang,2020,9.4,8.5,100.0,100.0,3.361,100.0,31.7,0.2,0.0,0.0,4.372978142076502,503.89,49.47748633879781,366,Southwest China
Xizang,2021,10.7,9.3,100.0,100.0,3.361,100.0,55.3,4.3,0.1,0.0,4.923671232876712,554.1399999999999,48.53912328767123,365,Southwest China
Xizang,2022,9.8,9.1,100.0,100.0,3.361,100.0,36.9,3.2,0.0,0.0,5.256383561643835,381.56000000000006,46.80884931506849,365,Southwest China
Xizang,2023,10.7,9.8,100.0,100.0,3.361,100.0,68.6,1.0,0.0,0.0,4.810986301369864,560.17,48.45016438356165,365,Southwest China
Xizang,2024,10.8,10.6,100.0,100.0,3.361,100.0,62.1,5.2,0.0,0.0,5.120109289617487,457.55,46.72699453551913,366,Southwest China
Yunnan,1998,18.6,17.9,100.0,100.0,43.128,100.0,97.7,74.2,11.0,1.2,15.401452054794522,888.5400000000002,72.09449315068494,365,Southwest China
Yunnan,1999,20.0,19.0,100.0,100.0,43.128,100.0,99.6,86.7,10.0,2.0,15.204246575342466,1108.3899999999999,72.77183561643837,365,Southwest China
Yunnan,2000,21.3,19.9,100.0,100.0,43.128,100.0,100.0,94.1,10.9,2.0,14.626202185792351,837.62,74.95172131147541,366,Southwest China
Yunnan,2001,21.3,19.9,100.0,100.0,43.449,100.0,100.0,95.5,11.6,1.8,15.063013698630137,1037.83,73.24421917808219,365,Southwest China
Yunnan,2002,23.2,21.4,100.0,100.0,43.77,100.0,100.0,94.6,30.3,4.2,15.012356164383561,850.03,73.14287671232877,365,Southwest China
Yunnan,2003,23.1,21.3,100.0,100.0,44.092,100.0,100.0,95.2,29.9,3.6,15.45794520547945,721.32,71.56761643835617,365,Southwest China
Yunnan,2004,25.9,24.2,100.0,100.0,44.413,100.0,100.0,96.8,57.8,5.9,14.737650273224043,854.23,71.58456284153006,366,Southwest China
Yunnan,2005,25.4,23.6,100.0,100.0,44.734,100.0,100.0,97.8,52.1,6.5,15.494082191780823,877.5799999999999,71.42767123287672,365,Southwest China
Yunnan,2006,27.1,25.0,100.0,100.0,45.029,100.0,100.0,99.9,65.2,7.4,15.583205479452054,867.97,70.56813698630137,365,Southwest China
Yunnan,2007,27.3,25.3,100.0,100.0,45.325,100.0,100.0,99.0,65.4,8.9,14.880739726027395,861.06,72.19060273972603,365,Southwest China
Yunnan,2008,26.7,24.2,100.0,100.0,45.621,100.0,100.0,96.7,60.3,8.1,14.875081967213115,916.47,73.03732240437158,366,Southwest China
Yunnan,2009,26.5,24.6,100.0,100.0,45.917,100.0,100.0,99.0,65.6,6.9,15.602109589041095,603.9300000000001,69.76306849315067,365,Southwest China
Yunnan,2010,25.6,23.6,100.0,100.0,46.213,100.0,99.9,97.7,55.6,5.2,16.02090410958904,786.6,67.09835616438356,365,Southwest China
Yunnan,2011,27.3,24.6,100.0,100.0,46.479,100.0,100.0,99.0,67.3,7.2,15.029726027397258,560.66,71.71791780821918,365,Southwest China
Yunnan,2012,28.7,26.3,100.0,100.0,46.746,100.0,100.0,99.8,75.9,10.8,15.897377049180326,717.56,68.7420218579235,366,Southwest China
Yunnan,2013,27.3,25.0,100.0,100.0,47.012,100.0,100.0,99.7,67.7,7.5,15.66695890410959,741.8399999999999,68.74238356164383,365,Southwest China
Yunnan,2014,28.5,25.6,100.0,100.0,47.279,100.0,100.0,99.6,68.6,12.7,15.837698630136988,881.4000000000001,70.82994520547945,365,Southwest China
Yunnan,2015,27.1,25.0,100.0,100.0,47.545,100.0,100.0,100.0,72.3,5.0,15.59241095890411,1041.7,72.52063013698631,365,Southwest China
Yunnan,2016,27.1,24.9,100.0,100.0,47.723,100.0,100.0,99.6,68.8,5.8,15.421748633879783,874.3799999999999,73.39846994535519,366,Southwest China
Yunnan,2017,25.3,23.0,100.0,100.0,47.901,100.0,99.9,98.2,49.9,5.0,15.463890410958903,1007.87,74.92569863013699,365,Southwest China
Yunnan,2018,24.0,21.9,100.0,100.0,48.079,100.0,100.0,94.7,43.0,0.9,15.290191780821917,959.99,74.99416438356164,365,Southwest China
Yunnan,2019,24.2,22.7,100.0,100.0,48.257,100.0,100.0,98.6,45.3,1.3,16.236575342465756,848.4699999999998,70.26484931506849,365,Southwest China
Yunnan,2020,22.4,21.3,100.0,100.0,48.435,100.0,100.0,96.6,28.0,0.4,15.856530054644809,944.7,72.13756830601093,366,Southwest China
Yunnan,2021,24.0,22.8,100.0,100.0,48.435,100.0,100.0,99.8,40.3,0.4,15.69898630136986,939.44,73.0282191780822,365,Southwest China
Yunnan,2022,21.5,19.8,100.0,100.0,48.435,100.0,100.0,99.3,14.9,0.0,15.323178082191781,1064.6100000000001,75.25254794520546,365,Southwest China
Yunnan,2023,22.8,21.2,100.0,100.0,48.435,100.0,100.0,97.0,28.7,0.3,16.39504109589041,704.32,70.49761643835616,365,Southwest China
Yunnan,2024,21.3,20.0,100.0,100.0,48.435,100.0,100.0,98.2,14.1,0.0,16.3353825136612,941.3600000000001,71.7648087431694,366,Southwest China
Zhejiang,1998,27.0,25.1,100.0,100.0,46.37,100.0,100.0,100.0,65.9,0.0,17.08641095890411,1294.79,80.71687671232876,365,East China
Zhejiang,1999,25.8,23.3,100.0,100.0,46.37,100.0,100.0,99.9,53.0,0.8,16.211890410958905,1613.9099999999999,79.69304109589041,365,East China
Zhejiang,2000,31.1,28.2,100.0,100.0,46.37,100.0,100.0,100.0,93.1,21.2,16.562868852459015,1259.9899999999998,79.08617486338797,366,East China
Zhejiang,2001,32.9,29.7,100.0,100.0,47.124,100.0,100.0,100.0,91.0,40.5,16.401698630136988,1392.17,79.60375342465753,365,East China
Zhejiang,2002,36.3,32.2,100.0,100.0,47.878,100.0,100.0,100.0,98.4,53.3,16.617123287671234,1581.4900000000002,80.67569863013699,365,East China
Zhejiang,2003,39.1,35.1,100.0,100.0,48.632,100.0,100.0,100.0,99.3,66.2,16.64030136986301,970.6899999999999,76.93183561643836,365,East China
Zhejiang,2004,37.5,33.3,100.0,100.0,49.386,100.0,100.0,100.0,97.9,58.3,17.024754098360653,1040.27,72.88390710382514,366,East China
Zhejiang,2005,36.5,32.3,100.0,100.0,50.14,100.0,100.0,100.0,96.9,49.7,16.37027397260274,1142.42,76.07142465753425,365,East China
Zhejiang,2006,37.9,32.8,100.0,100.0,50.924,100.0,100.0,100.0,98.8,60.6,17.136438356164383,1143.8600000000001,77.20726027397261,365,East China
Zhejiang,2007,41.6,36.6,100.0,100.0,51.708,100.0,100.0,100.0,99.5,72.6,17.18556164383562,1266.46,77.67131506849314,365,East China
Zhejiang,2008,43.9,38.1,100.0,100.0,52.493,100.0,100.0,100.0,99.7,81.4,16.282540983606555,1203.0900000000001,77.45833333333333,366,East China
Zhejiang,2009,40.3,34.7,100.0,100.0,53.277,100.0,100.0,100.0,98.0,68.9,16.56613698630137,1397.33,77.95797260273973,365,East China
Zhejiang,2010,36.5,31.3,100.0,100.0,54.061,100.0,100.0,100.0,93.6,52.2,15.8526301369863,1508.88,81.2251506849315,365,East China
Zhejiang,2011,40.5,35.3,100.0,100.0,54.871,100.0,100.0,100.0,97.5,65.8,15.93104109589041,1263.31,77.42293150684931,365,East China
Zhejiang,2012,35.9,31.0,100.0,100.0,55.681,100.0,100.0,100.0,90.6,48.2,15.734453551912567,1592.8899999999999,79.6674043715847,366,East China
Zhejiang,2013,39.5,33.3,100.0,100.0,56.491,100.0,100.0,100.0,97.7,58.5,16.68758904109589,1333.6100000000001,77.60271232876711,365,East China
Zhejiang,2014,47.0,39.8,100.0,100.0,57.302,100.0,100.0,100.0,99.9,86.2,16.341917808219176,1404.2600000000002,79.58964383561644,365,East China
Zhejiang,2015,43.6,36.2,100.0,100.0,58.112,100.0,100.0,100.0,99.1,77.1,16.264082191780822,1918.5699999999997,81.78194520547945,365,East China
Zhejiang,2016,37.6,31.7,100.0,100.0,58.872,100.0,100.0,100.0,95.2,61.2,16.82445355191257,1848.15,83.3829781420765,366,East China
Zhejiang,2017,36.8,31.5,100.0,100.0,59.633,100.0,100.0,100.0,95.8,60.6,16.78347945205479,1427.2999999999997,79.9341917808219,365,East China
Zhejiang,2018,32.5,27.3,100.0,100.0,60.394,100.0,100.0,100.0,84.0,36.4,16.946684931506848,1588.67,80.51323287671234,365,East China
Zhejiang,2019,30.9,25.5,100.0,100.0,61.155,100.0,100.0,100.0,75.4,32.8,16.779780821917807,1622.42,79.91490410958903,365,East China
Zhejiang,2020,26.4,22.1,100.0,100.0,61.915,100.0,100.0,100.0,57.6,3.7,16.90021857923497,1885.81,82.18013661202185,366,East China
Zhejiang,2021,25.2,21.2,100.0,100.0,61.915,100.0,100.0,99.3,51.0,1.1,17.391424657534245,1962.5299999999997,80.6322191780822,365,East China
Zhejiang,2022,25.6,20.7,100.0,100.0,61.915,100.0,100.0,98.7,52.1,9.2,17.388547945205477,1374.13,78.27068493150685,365,East China
Zhejiang,2023,27.2,21.9,100.0,100.0,61.915,100.0,100.0,99.9,59.8,13.8,17.46969863013699,1293.25,77.05087671232877,365,East China
Zhejiang,2024,27.1,21.5,100.0,100.0,61.915,100.0,100.0,99.9,59.5,13.1,17.521502732240435,1912.7400000000002,81.04909836065575,366,East China
