split,province,macro_region,year,y,pred,lo_GSCP,hi_GSCP,lo_sLSCP,hi_sLSCP
A_leave_region_North China,Beijing,North China,1998,37.7,45.10482048471982,27.9209447507001,62.288696218739545,27.9209447507001,62.288696218739545
A_leave_region_North China,Beijing,North China,1999,34.1,45.10482048471982,27.9209447507001,62.288696218739545,27.9209447507001,62.288696218739545
A_leave_region_North China,Beijing,North China,2000,46.4,45.10482048471982,27.9209447507001,62.288696218739545,27.9209447507001,62.288696218739545
A_leave_region_North China,Beijing,North China,2001,48.1,45.10482048471982,27.9209447507001,62.288696218739545,27.9209447507001,62.288696218739545
A_leave_region_North China,Beijing,North China,2002,48.7,45.10482048471982,27.9209447507001,62.288696218739545,27.9209447507001,62.288696218739545
A_leave_region_North China,Beijing,North China,2003,61.2,45.10482048471982,27.9209447507001,62.288696218739545,27.9209447507001,62.288696218739545
A_leave_region_North China,Beijing,North China,2004,53.9,45.10482048471982,27.9209447507001,62.288696218739545,27.9209447507001,62.288696218739545
A_leave_region_North China,Beijing,North China,2005,56.1,45.10482048471982,27.9209447507001,62.288696218739545,27.9209447507001,62.288696218739545
A_leave_region_North China,Beijing,North China,2006,64.7,45.10482048471982,27.9209447507001,62.288696218739545,27.9209447507001,62.288696218739545
A_leave_region_North China,Beijing,North China,2007,66.1,45.10482048471982,27.9209447507001,62.288696218739545,27.9209447507001,62.288696218739545
A_leave_region_North China,Beijing,North China,2008,63.1,45.10482048471982,27.9209447507001,62.288696218739545,27.9209447507001,62.288696218739545
A_leave_region_North China,Beijing,North China,2009,73.4,45.10482048471982,27.9209447507001,62.288696218739545,27.9209447507001,62.288696218739545
A_leave_region_North China,Beijing,North China,2010,74.8,45.10482048471982,27.9209447507001,62.288696218739545,27.9209447507001,62.288696218739545
A_leave_region_North China,Beijing,North China,2011,79.6,45.10482048471982,27.9209447507001,62.288696218739545,27.9209447507001,62.288696218739545
A_leave_region_North China,Beijing,North China,2012,68.7,45.10482048471982,27.9209447507001,62.288696218739545,27.9209447507001,62.288696218739545
A_leave_region_North China,Beijing,North China,2013,78.3,45.10482048471982,27.9209447507001,62.288696218739545,27.9209447507001,62.288696218739545
A_leave_region_North China,Beijing,North China,2014,81.1,45.10482048471982,27.9209447507001,62.288696218739545,27.9209447507001,62.288696218739545
A_leave_region_North China,Beijing,North China,2015,74.8,45.10482048471982,27.9209447507001,62.288696218739545,27.9209447507001,62.288696218739545
A_leave_region_North China,Beijing,North China,2016,66.2,45.10482048471982,27.9209447507001,62.288696218739545,27.9209447507001,62.288696218739545
A_leave_region_North China,Beijing,North China,2017,54.3,45.10482048471982,27.9209447507001,62.288696218739545,27.9209447507001,62.288696218739545
A_leave_region_North China,Beijing,North China,2018,49.0,45.10482048471982,27.9209447507001,62.288696218739545,27.9209447507001,62.288696218739545
A_leave_region_North China,Beijing,North China,2019,43.9,45.10482048471982,27.9209447507001,62.288696218739545,27.9209447507001,62.288696218739545
A_leave_region_North China,Beijing,North China,2020,41.5,45.10482048471982,27.9209447507001,62.288696218739545,27.9209447507001,62.288696218739545
A_leave_region_North China,Beijing,North China,2021,39.7,45.10482048471982,27.9209447507001,62.288696218739545,27.9209447507001,62.288696218739545
A_leave_region_North China,Beijing,North China,2022,41.2,45.10482048471982,27.9209447507001,62.288696218739545,27.9209447507001,62.288696218739545
A_leave_region_North China,Beijing,North China,2023,45.6,45.10482048471982,27.9209447507001,62.288696218739545,27.9209447507001,62.288696218739545
A_leave_region_North China,Beijing,North China,2024,42.7,45.10482048471982,27.9209447507001,62.288696218739545,27.9209447507001,62.288696218739545
A_leave_region_North China,Hebei,North China,1998,37.2,49.325778509455915,33.387946531908604,65.26361048700323,33.387946531908604,65.26361048700323
A_leave_region_North China,Hebei,North China,1999,33.5,49.325778509455915,33.387946531908604,65.26361048700323,33.387946531908604,65.26361048700323
A_leave_region_North China,Hebei,North China,2000,45.4,49.325778509455915,33.387946531908604,65.26361048700323,33.387946531908604,65.26361048700323
A_leave_region_North China,Hebei,North China,2001,47.4,49.325778509455915,33.387946531908604,65.26361048700323,33.387946531908604,65.26361048700323
A_leave_region_North China,Hebei,North China,2002,51.2,49.325778509455915,33.387946531908604,65.26361048700323,33.387946531908604,65.26361048700323
A_leave_region_North China,Hebei,North China,2003,61.3,49.325778509455915,33.387946531908604,65.26361048700323,33.387946531908604,65.26361048700323
A_leave_region_North China,Hebei,North China,2004,57.5,49.325778509455915,33.387946531908604,65.26361048700323,33.387946531908604,65.26361048700323
A_leave_region_North China,Hebei,North China,2005,62.0,49.325778509455915,33.387946531908604,65.26361048700323,33.387946531908604,65.26361048700323
A_leave_region_North China,Hebei,North China,2006,71.4,49.325778509455915,33.387946531908604,65.26361048700323,33.387946531908604,65.26361048700323
A_leave_region_North China,Hebei,North China,2007,72.2,49.325778509455915,33.387946531908604,65.26361048700323,33.387946531908604,65.26361048700323
A_leave_region_North China,Hebei,North China,2008,64.2,49.325778509455915,33.387946531908604,65.26361048700323,33.387946531908604,65.26361048700323
A_leave_region_North China,Hebei,North China,2009,64.2,49.325778509455915,33.387946531908604,65.26361048700323,33.387946531908604,65.26361048700323
A_leave_region_North China,Hebei,North China,2010,63.0,49.325778509455915,33.387946531908604,65.26361048700323,33.387946531908604,65.26361048700323
A_leave_region_North China,Hebei,North China,2011,73.7,49.325778509455915,33.387946531908604,65.26361048700323,33.387946531908604,65.26361048700323
A_leave_region_North China,Hebei,North China,2012,64.6,49.325778509455915,33.387946531908604,65.26361048700323,33.387946531908604,65.26361048700323
A_leave_region_North China,Hebei,North China,2013,74.8,49.325778509455915,33.387946531908604,65.26361048700323,33.387946531908604,65.26361048700323
A_leave_region_North China,Hebei,North China,2014,83.8,49.325778509455915,33.387946531908604,65.26361048700323,33.387946531908604,65.26361048700323
A_leave_region_North China,Hebei,North China,2015,74.3,49.325778509455915,33.387946531908604,65.26361048700323,33.387946531908604,65.26361048700323
A_leave_region_North China,Hebei,North China,2016,68.1,49.325778509455915,33.387946531908604,65.26361048700323,33.387946531908604,65.26361048700323
A_leave_region_North China,Hebei,North China,2017,61.7,49.325778509455915,33.387946531908604,65.26361048700323,33.387946531908604,65.26361048700323
A_leave_region_North China,Hebei,North China,2018,53.6,49.325778509455915,33.387946531908604,65.26361048700323,33.387946531908604,65.26361048700323
A_leave_region_North China,Hebei,North China,2019,53.5,49.325778509455915,33.387946531908604,65.26361048700323,33.387946531908604,65.26361048700323
A_leave_region_North China,Hebei,North China,2020,47.7,49.325778509455915,33.387946531908604,65.26361048700323,33.387946531908604,65.26361048700323
A_leave_region_North China,Hebei,North China,2021,42.4,49.325778509455915,33.387946531908604,65.26361048700323,33.387946531908604,65.26361048700323
A_leave_region_North China,Hebei,North China,2022,42.2,49.325778509455915,33.387946531908604,65.26361048700323,33.387946531908604,65.26361048700323
A_leave_region_North China,Hebei,North China,2023,43.8,49.325778509455915,33.387946531908604,65.26361048700323,33.387946531908604,65.26361048700323
A_leave_region_North China,Hebei,North China,2024,42.6,49.325778509455915,33.387946531908604,65.26361048700323,33.387946531908604,65.26361048700323
A_leave_region_North China,Nei Mongol,North China,1998,19.5,40.6071330528909,22.424795948658115,58.78947015712369,22.424795948658115,58.78947015712369
A_leave_region_North China,Nei Mongol,North China,1999,17.1,40.6071330528909,22.424795948658115,58.78947015712369,22.424795948658115,58.78947015712369
A_leave_region_North China,Nei Mongol,North China,2000,20.5,40.6071330528909,22.424795948658115,58.78947015712369,22.424795948658115,58.78947015712369
A_leave_region_North China,Nei Mongol,North China,2001,20.9,40.6071330528909,22.424795948658115,58.78947015712369,22.424795948658115,58.78947015712369
A_leave_region_North China,Nei Mongol,North China,2002,21.8,40.6071330528909,22.424795948658115,58.78947015712369,22.424795948658115,58.78947015712369
A_leave_region_North China,Nei Mongol,North China,2003,28.7,40.6071330528909,22.424795948658115,58.78947015712369,22.424795948658115,58.78947015712369
A_leave_region_North China,Nei Mongol,North China,2004,22.0,40.6071330528909,22.424795948658115,58.78947015712369,22.424795948658115,58.78947015712369
A_leave_region_North China,Nei Mongol,North China,2005,22.4,40.6071330528909,22.424795948658115,58.78947015712369,22.424795948658115,58.78947015712369
A_leave_region_North China,Nei Mongol,North China,2006,25.9,40.6071330528909,22.424795948658115,58.78947015712369,22.424795948658115,58.78947015712369
A_leave_region_North China,Nei Mongol,North China,2007,25.7,40.6071330528909,22.424795948658115,58.78947015712369,22.424795948658115,58.78947015712369
A_leave_region_North China,Nei Mongol,North China,2008,26.4,40.6071330528909,22.424795948658115,58.78947015712369,22.424795948658115,58.78947015712369
A_leave_region_North China,Nei Mongol,North China,2009,24.8,40.6071330528909,22.424795948658115,58.78947015712369,22.424795948658115,58.78947015712369
A_leave_region_North China,Nei Mongol,North China,2010,25.2,40.6071330528909,22.424795948658115,58.78947015712369,22.424795948658115,58.78947015712369
A_leave_region_North China,Nei Mongol,North China,2011,27.7,40.6071330528909,22.424795948658115,58.78947015712369,22.424795948658115,58.78947015712369
A_leave_region_North China,Nei Mongol,North China,2012,26.6,40.6071330528909,22.424795948658115,58.78947015712369,22.424795948658115,58.78947015712369
A_leave_region_North China,Nei Mongol,North China,2013,23.0,40.6071330528909,22.424795948658115,58.78947015712369,22.424795948658115,58.78947015712369
A_leave_region_North China,Nei Mongol,North China,2014,28.2,40.6071330528909,22.424795948658115,58.78947015712369,22.424795948658115,58.78947015712369
A_leave_region_North China,Nei Mongol,North China,2015,31.6,40.6071330528909,22.424795948658115,58.78947015712369,22.424795948658115,58.78947015712369
A_leave_region_North China,Nei Mongol,North China,2016,27.3,40.6071330528909,22.424795948658115,58.78947015712369,22.424795948658115,58.78947015712369
A_leave_region_North China,Nei Mongol,North China,2017,26.0,40.6071330528909,22.424795948658115,58.78947015712369,22.424795948658115,58.78947015712369
A_leave_region_North China,Nei Mongol,North China,2018,24.9,40.6071330528909,22.424795948658115,58.78947015712369,22.424795948658115,58.78947015712369
A_leave_region_North China,Nei Mongol,North China,2019,23.9,40.6071330528909,22.424795948658115,58.78947015712369,22.424795948658115,58.78947015712369
A_leave_region_North China,Nei Mongol,North China,2020,25.1,40.6071330528909,22.424795948658115,58.78947015712369,22.424795948658115,58.78947015712369
A_leave_region_North China,Nei Mongol,North China,2021,24.5,40.6071330528909,22.424795948658115,58.78947015712369,22.424795948658115,58.78947015712369
A_leave_region_North China,Nei Mongol,North China,2022,22.9,40.6071330528909,22.424795948658115,58.78947015712369,22.424795948658115,58.78947015712369
A_leave_region_North China,Nei Mongol,North China,2023,26.8,40.6071330528909,22.424795948658115,58.78947015712369,22.424795948658115,58.78947015712369
A_leave_region_North China,Nei Mongol,North China,2024,26.3,40.6071330528909,22.424795948658115,58.78947015712369,22.424795948658115,58.78947015712369
A_leave_region_North China,Shanxi,North China,1998,29.8,47.50711289702605,31.322324453243564,63.69190134080853,31.322324453243564,63.69190134080853
A_leave_region_North China,Shanxi,North China,1999,27.8,47.50711289702605,31.322324453243564,63.69190134080853,31.322324453243564,63.69190134080853
A_leave_region_North China,Shanxi,North China,2000,41.0,47.50711289702605,31.322324453243564,63.69190134080853,31.322324453243564,63.69190134080853
A_leave_region_North China,Shanxi,North China,2001,40.5,47.50711289702605,31.322324453243564,63.69190134080853,31.322324453243564,63.69190134080853
A_leave_region_North China,Shanxi,North China,2002,43.7,47.50711289702605,31.322324453243564,63.69190134080853,31.322324453243564,63.69190134080853
A_leave_region_North China,Shanxi,North China,2003,48.4,47.50711289702605,31.322324453243564,63.69190134080853,31.322324453243564,63.69190134080853
A_leave_region_North China,Shanxi,North China,2004,43.8,47.50711289702605,31.322324453243564,63.69190134080853,31.322324453243564,63.69190134080853
A_leave_region_North China,Shanxi,North China,2005,51.9,47.50711289702605,31.322324453243564,63.69190134080853,31.322324453243564,63.69190134080853
A_leave_region_North China,Shanxi,North China,2006,56.4,47.50711289702605,31.322324453243564,63.69190134080853,31.322324453243564,63.69190134080853
A_leave_region_North China,Shanxi,North China,2007,56.1,47.50711289702605,31.322324453243564,63.69190134080853,31.322324453243564,63.69190134080853
A_leave_region_North China,Shanxi,North China,2008,47.4,47.50711289702605,31.322324453243564,63.69190134080853,31.322324453243564,63.69190134080853
A_leave_region_North China,Shanxi,North China,2009,46.9,47.50711289702605,31.322324453243564,63.69190134080853,31.322324453243564,63.69190134080853
A_leave_region_North China,Shanxi,North China,2010,50.4,47.50711289702605,31.322324453243564,63.69190134080853,31.322324453243564,63.69190134080853
A_leave_region_North China,Shanxi,North China,2011,60.9,47.50711289702605,31.322324453243564,63.69190134080853,31.322324453243564,63.69190134080853
A_leave_region_North China,Shanxi,North China,2012,54.8,47.50711289702605,31.322324453243564,63.69190134080853,31.322324453243564,63.69190134080853
A_leave_region_North China,Shanxi,North China,2013,52.4,47.50711289702605,31.322324453243564,63.69190134080853,31.322324453243564,63.69190134080853
A_leave_region_North China,Shanxi,North China,2014,53.2,47.50711289702605,31.322324453243564,63.69190134080853,31.322324453243564,63.69190134080853
A_leave_region_North China,Shanxi,North China,2015,51.1,47.50711289702605,31.322324453243564,63.69190134080853,31.322324453243564,63.69190134080853
A_leave_region_North China,Shanxi,North China,2016,49.9,47.50711289702605,31.322324453243564,63.69190134080853,31.322324453243564,63.69190134080853
A_leave_region_North China,Shanxi,North China,2017,51.5,47.50711289702605,31.322324453243564,63.69190134080853,31.322324453243564,63.69190134080853
A_leave_region_North China,Shanxi,North China,2018,44.7,47.50711289702605,31.322324453243564,63.69190134080853,31.322324453243564,63.69190134080853
A_leave_region_North China,Shanxi,North China,2019,44.4,47.50711289702605,31.322324453243564,63.69190134080853,31.322324453243564,63.69190134080853
A_leave_region_North China,Shanxi,North China,2020,40.1,47.50711289702605,31.322324453243564,63.69190134080853,31.322324453243564,63.69190134080853
A_leave_region_North China,Shanxi,North China,2021,37.1,47.50711289702605,31.322324453243564,63.69190134080853,31.322324453243564,63.69190134080853
A_leave_region_North China,Shanxi,North China,2022,38.8,47.50711289702605,31.322324453243564,63.69190134080853,31.322324453243564,63.69190134080853
A_leave_region_North China,Shanxi,North China,2023,38.8,47.50711289702605,31.322324453243564,63.69190134080853,31.322324453243564,63.69190134080853
A_leave_region_North China,Shanxi,North China,2024,38.0,47.50711289702605,31.322324453243564,63.69190134080853,31.322324453243564,63.69190134080853
A_leave_region_North China,Tianjin,North China,1998,38.3,46.44153854387332,29.806193577472683,63.07688351027396,29.806193577472683,63.07688351027396
A_leave_region_North China,Tianjin,North China,1999,34.0,46.44153854387332,29.806193577472683,63.07688351027396,29.806193577472683,63.07688351027396
A_leave_region_North China,Tianjin,North China,2000,44.7,46.44153854387332,29.806193577472683,63.07688351027396,29.806193577472683,63.07688351027396
A_leave_region_North China,Tianjin,North China,2001,48.1,46.44153854387332,29.806193577472683,63.07688351027396,29.806193577472683,63.07688351027396
A_leave_region_North China,Tianjin,North China,2002,51.6,46.44153854387332,29.806193577472683,63.07688351027396,29.806193577472683,63.07688351027396
A_leave_region_North China,Tianjin,North China,2003,62.5,46.44153854387332,29.806193577472683,63.07688351027396,29.806193577472683,63.07688351027396
A_leave_region_North China,Tianjin,North China,2004,59.0,46.44153854387332,29.806193577472683,63.07688351027396,29.806193577472683,63.07688351027396
A_leave_region_North China,Tianjin,North China,2005,62.4,46.44153854387332,29.806193577472683,63.07688351027396,29.806193577472683,63.07688351027396
A_leave_region_North China,Tianjin,North China,2006,71.4,46.44153854387332,29.806193577472683,63.07688351027396,29.806193577472683,63.07688351027396
A_leave_region_North China,Tianjin,North China,2007,71.4,46.44153854387332,29.806193577472683,63.07688351027396,29.806193577472683,63.07688351027396
A_leave_region_North China,Tianjin,North China,2008,68.9,46.44153854387332,29.806193577472683,63.07688351027396,29.806193577472683,63.07688351027396
A_leave_region_North China,Tianjin,North China,2009,70.7,46.44153854387332,29.806193577472683,63.07688351027396,29.806193577472683,63.07688351027396
A_leave_region_North China,Tianjin,North China,2010,64.7,46.44153854387332,29.806193577472683,63.07688351027396,29.806193577472683,63.07688351027396
A_leave_region_North China,Tianjin,North China,2011,71.7,46.44153854387332,29.806193577472683,63.07688351027396,29.806193577472683,63.07688351027396
A_leave_region_North China,Tianjin,North China,2012,62.2,46.44153854387332,29.806193577472683,63.07688351027396,29.806193577472683,63.07688351027396
A_leave_region_North China,Tianjin,North China,2013,73.2,46.44153854387332,29.806193577472683,63.07688351027396,29.806193577472683,63.07688351027396
A_leave_region_North China,Tianjin,North China,2014,86.0,46.44153854387332,29.806193577472683,63.07688351027396,29.806193577472683,63.07688351027396
A_leave_region_North China,Tianjin,North China,2015,75.9,46.44153854387332,29.806193577472683,63.07688351027396,29.806193577472683,63.07688351027396
A_leave_region_North China,Tianjin,North China,2016,71.7,46.44153854387332,29.806193577472683,63.07688351027396,29.806193577472683,63.07688351027396
A_leave_region_North China,Tianjin,North China,2017,63.3,46.44153854387332,29.806193577472683,63.07688351027396,29.806193577472683,63.07688351027396
A_leave_region_North China,Tianjin,North China,2018,55.5,46.44153854387332,29.806193577472683,63.07688351027396,29.806193577472683,63.07688351027396
A_leave_region_North China,Tianjin,North China,2019,56.1,46.44153854387332,29.806193577472683,63.07688351027396,29.806193577472683,63.07688351027396
A_leave_region_North China,Tianjin,North China,2020,53.1,46.44153854387332,29.806193577472683,63.07688351027396,29.806193577472683,63.07688351027396
A_leave_region_North China,Tianjin,North China,2021,46.7,46.44153854387332,29.806193577472683,63.07688351027396,29.806193577472683,63.07688351027396
A_leave_region_North China,Tianjin,North China,2022,48.2,46.44153854387332,29.806193577472683,63.07688351027396,29.806193577472683,63.07688351027396
A_leave_region_North China,Tianjin,North China,2023,51.0,46.44153854387332,29.806193577472683,63.07688351027396,29.806193577472683,63.07688351027396
A_leave_region_North China,Tianjin,North China,2024,49.1,46.44153854387332,29.806193577472683,63.07688351027396,29.806193577472683,63.07688351027396
A_leave_region_Northeast China,Heilongjiang,Northeast China,1998,22.3,41.418193941728475,11.648829181881524,71.18755870157543,11.648829181881524,71.18755870157543
A_leave_region_Northeast China,Heilongjiang,Northeast China,1999,18.2,41.418193941728475,11.648829181881524,71.18755870157543,11.648829181881524,71.18755870157543
A_leave_region_Northeast China,Heilongjiang,Northeast China,2000,21.2,41.418193941728475,11.648829181881524,71.18755870157543,11.648829181881524,71.18755870157543
A_leave_region_Northeast China,Heilongjiang,Northeast China,2001,21.8,41.418193941728475,11.648829181881524,71.18755870157543,11.648829181881524,71.18755870157543
A_leave_region_Northeast China,Heilongjiang,Northeast China,2002,23.4,41.418193941728475,11.648829181881524,71.18755870157543,11.648829181881524,71.18755870157543
A_leave_region_Northeast China,Heilongjiang,Northeast China,2003,30.6,41.418193941728475,11.648829181881524,71.18755870157543,11.648829181881524,71.18755870157543
A_leave_region_Northeast China,Heilongjiang,Northeast China,2004,21.8,41.418193941728475,11.648829181881524,71.18755870157543,11.648829181881524,71.18755870157543
A_leave_region_Northeast China,Heilongjiang,Northeast China,2005,20.8,41.418193941728475,11.648829181881524,71.18755870157543,11.648829181881524,71.18755870157543
A_leave_region_Northeast China,Heilongjiang,Northeast China,2006,24.7,41.418193941728475,11.648829181881524,71.18755870157543,11.648829181881524,71.18755870157543
A_leave_region_Northeast China,Heilongjiang,Northeast China,2007,25.2,41.418193941728475,11.648829181881524,71.18755870157543,11.648829181881524,71.18755870157543
A_leave_region_Northeast China,Heilongjiang,Northeast China,2008,29.0,41.418193941728475,11.648829181881524,71.18755870157543,11.648829181881524,71.18755870157543
A_leave_region_Northeast China,Heilongjiang,Northeast China,2009,22.6,41.418193941728475,11.648829181881524,71.18755870157543,11.648829181881524,71.18755870157543
A_leave_region_Northeast China,Heilongjiang,Northeast China,2010,25.3,41.418193941728475,11.648829181881524,71.18755870157543,11.648829181881524,71.18755870157543
A_leave_region_Northeast China,Heilongjiang,Northeast China,2011,30.9,41.418193941728475,11.648829181881524,71.18755870157543,11.648829181881524,71.18755870157543
A_leave_region_Northeast China,Heilongjiang,Northeast China,2012,25.3,41.418193941728475,11.648829181881524,71.18755870157543,11.648829181881524,71.18755870157543
A_leave_region_Northeast China,Heilongjiang,Northeast China,2013,26.5,41.418193941728475,11.648829181881524,71.18755870157543,11.648829181881524,71.18755870157543
A_leave_region_Northeast China,Heilongjiang,Northeast China,2014,35.8,41.418193941728475,11.648829181881524,71.18755870157543,11.648829181881524,71.18755870157543
A_leave_region_Northeast China,Heilongjiang,Northeast China,2015,38.4,41.418193941728475,11.648829181881524,71.18755870157543,11.648829181881524,71.18755870157543
A_leave_region_Northeast China,Heilongjiang,Northeast China,2016,29.5,41.418193941728475,11.648829181881524,71.18755870157543,11.648829181881524,71.18755870157543
A_leave_region_Northeast China,Heilongjiang,Northeast China,2017,32.8,41.418193941728475,11.648829181881524,71.18755870157543,11.648829181881524,71.18755870157543
A_leave_region_Northeast China,Heilongjiang,Northeast China,2018,24.8,41.418193941728475,11.648829181881524,71.18755870157543,11.648829181881524,71.18755870157543
A_leave_region_Northeast China,Heilongjiang,Northeast China,2019,27.2,41.418193941728475,11.648829181881524,71.18755870157543,11.648829181881524,71.18755870157543
A_leave_region_Northeast China,Heilongjiang,Northeast China,2020,27.1,41.418193941728475,11.648829181881524,71.18755870157543,11.648829181881524,71.18755870157543
A_leave_region_Northeast China,Heilongjiang,Northeast China,2021,24.8,41.418193941728475,11.648829181881524,71.18755870157543,11.648829181881524,71.18755870157543
A_leave_region_Northeast China,Heilongjiang,Northeast China,2022,25.0,41.418193941728475,11.648829181881524,71.18755870157543,11.648829181881524,71.18755870157543
A_leave_region_Northeast China,Heilongjiang,Northeast China,2023,27.7,41.418193941728475,11.648829181881524,71.18755870157543,11.648829181881524,71.18755870157543
A_leave_region_Northeast China,Heilongjiang,Northeast China,2024,34.2,41.418193941728475,11.648829181881524,71.18755870157543,11.648829181881524,71.18755870157543
A_leave_region_Northeast China,Jilin,Northeast China,1998,25.9,44.292896127815595,17.125782100337585,71.4600101552936,17.125782100337585,71.4600101552936
A_leave_region_Northeast China,Jilin,Northeast China,1999,21.6,44.292896127815595,17.125782100337585,71.4600101552936,17.125782100337585,71.4600101552936
A_leave_region_Northeast China,Jilin,Northeast China,2000,26.2,44.292896127815595,17.125782100337585,71.4600101552936,17.125782100337585,71.4600101552936
A_leave_region_Northeast China,Jilin,Northeast China,2001,28.3,44.292896127815595,17.125782100337585,71.4600101552936,17.125782100337585,71.4600101552936
A_leave_region_Northeast China,Jilin,Northeast China,2002,29.2,44.292896127815595,17.125782100337585,71.4600101552936,17.125782100337585,71.4600101552936
A_leave_region_Northeast China,Jilin,Northeast China,2003,35.7,44.292896127815595,17.125782100337585,71.4600101552936,17.125782100337585,71.4600101552936
A_leave_region_Northeast China,Jilin,Northeast China,2004,26.5,44.292896127815595,17.125782100337585,71.4600101552936,17.125782100337585,71.4600101552936
A_leave_region_Northeast China,Jilin,Northeast China,2005,28.0,44.292896127815595,17.125782100337585,71.4600101552936,17.125782100337585,71.4600101552936
A_leave_region_Northeast China,Jilin,Northeast China,2006,33.7,44.292896127815595,17.125782100337585,71.4600101552936,17.125782100337585,71.4600101552936
A_leave_region_Northeast China,Jilin,Northeast China,2007,34.7,44.292896127815595,17.125782100337585,71.4600101552936,17.125782100337585,71.4600101552936
A_leave_region_Northeast China,Jilin,Northeast China,2008,36.9,44.292896127815595,17.125782100337585,71.4600101552936,17.125782100337585,71.4600101552936
A_leave_region_Northeast China,Jilin,Northeast China,2009,30.6,44.292896127815595,17.125782100337585,71.4600101552936,17.125782100337585,71.4600101552936
A_leave_region_Northeast China,Jilin,Northeast China,2010,29.7,44.292896127815595,17.125782100337585,71.4600101552936,17.125782100337585,71.4600101552936
A_leave_region_Northeast China,Jilin,Northeast China,2011,37.4,44.292896127815595,17.125782100337585,71.4600101552936,17.125782100337585,71.4600101552936
A_leave_region_Northeast China,Jilin,Northeast China,2012,30.9,44.292896127815595,17.125782100337585,71.4600101552936,17.125782100337585,71.4600101552936
A_leave_region_Northeast China,Jilin,Northeast China,2013,32.2,44.292896127815595,17.125782100337585,71.4600101552936,17.125782100337585,71.4600101552936
A_leave_region_Northeast China,Jilin,Northeast China,2014,43.6,44.292896127815595,17.125782100337585,71.4600101552936,17.125782100337585,71.4600101552936
A_leave_region_Northeast China,Jilin,Northeast China,2015,45.7,44.292896127815595,17.125782100337585,71.4600101552936,17.125782100337585,71.4600101552936
A_leave_region_Northeast China,Jilin,Northeast China,2016,36.4,44.292896127815595,17.125782100337585,71.4600101552936,17.125782100337585,71.4600101552936
A_leave_region_Northeast China,Jilin,Northeast China,2017,36.2,44.292896127815595,17.125782100337585,71.4600101552936,17.125782100337585,71.4600101552936
A_leave_region_Northeast China,Jilin,Northeast China,2018,28.8,44.292896127815595,17.125782100337585,71.4600101552936,17.125782100337585,71.4600101552936
A_leave_region_Northeast China,Jilin,Northeast China,2019,30.9,44.292896127815595,17.125782100337585,71.4600101552936,17.125782100337585,71.4600101552936
A_leave_region_Northeast China,Jilin,Northeast China,2020,33.5,44.292896127815595,17.125782100337585,71.4600101552936,17.125782100337585,71.4600101552936
A_leave_region_Northeast China,Jilin,Northeast China,2021,28.3,44.292896127815595,17.125782100337585,71.4600101552936,17.125782100337585,71.4600101552936
A_leave_region_Northeast China,Jilin,Northeast China,2022,26.4,44.292896127815595,17.125782100337585,71.4600101552936,17.125782100337585,71.4600101552936
A_leave_region_Northeast China,Jilin,Northeast China,2023,29.7,44.292896127815595,17.125782100337585,71.4600101552936,17.125782100337585,71.4600101552936
A_leave_region_Northeast China,Jilin,Northeast China,2024,32.2,44.292896127815595,17.125782100337585,71.4600101552936,17.125782100337585,71.4600101552936
A_leave_region_Northeast China,Liaoning,Northeast China,1998,31.3,48.27673674663987,24.580701785064587,71.97277170821515,24.580701785064587,71.97277170821515
A_leave_region_Northeast China,Liaoning,Northeast China,1999,25.8,48.27673674663987,24.580701785064587,71.97277170821515,24.580701785064587,71.97277170821515
A_leave_region_Northeast China,Liaoning,Northeast China,2000,30.2,48.27673674663987,24.580701785064587,71.97277170821515,24.580701785064587,71.97277170821515
A_leave_region_Northeast China,Liaoning,Northeast China,2001,36.1,48.27673674663987,24.580701785064587,71.97277170821515,24.580701785064587,71.97277170821515
A_leave_region_Northeast China,Liaoning,Northeast China,2002,31.7,48.27673674663987,24.580701785064587,71.97277170821515,24.580701785064587,71.97277170821515
A_leave_region_Northeast China,Liaoning,Northeast China,2003,40.6,48.27673674663987,24.580701785064587,71.97277170821515,24.580701785064587,71.97277170821515
A_leave_region_Northeast China,Liaoning,Northeast China,2004,34.7,48.27673674663987,24.580701785064587,71.97277170821515,24.580701785064587,71.97277170821515
A_leave_region_Northeast China,Liaoning,Northeast China,2005,35.9,48.27673674663987,24.580701785064587,71.97277170821515,24.580701785064587,71.97277170821515
A_leave_region_Northeast China,Liaoning,Northeast China,2006,43.3,48.27673674663987,24.580701785064587,71.97277170821515,24.580701785064587,71.97277170821515
A_leave_region_Northeast China,Liaoning,Northeast China,2007,41.8,48.27673674663987,24.580701785064587,71.97277170821515,24.580701785064587,71.97277170821515
A_leave_region_Northeast China,Liaoning,Northeast China,2008,45.0,48.27673674663987,24.580701785064587,71.97277170821515,24.580701785064587,71.97277170821515
A_leave_region_Northeast China,Liaoning,Northeast China,2009,41.8,48.27673674663987,24.580701785064587,71.97277170821515,24.580701785064587,71.97277170821515
A_leave_region_Northeast China,Liaoning,Northeast China,2010,36.4,48.27673674663987,24.580701785064587,71.97277170821515,24.580701785064587,71.97277170821515
A_leave_region_Northeast China,Liaoning,Northeast China,2011,43.5,48.27673674663987,24.580701785064587,71.97277170821515,24.580701785064587,71.97277170821515
A_leave_region_Northeast China,Liaoning,Northeast China,2012,36.9,48.27673674663987,24.580701785064587,71.97277170821515,24.580701785064587,71.97277170821515
A_leave_region_Northeast China,Liaoning,Northeast China,2013,37.3,48.27673674663987,24.580701785064587,71.97277170821515,24.580701785064587,71.97277170821515
A_leave_region_Northeast China,Liaoning,Northeast China,2014,50.4,48.27673674663987,24.580701785064587,71.97277170821515,24.580701785064587,71.97277170821515
A_leave_region_Northeast China,Liaoning,Northeast China,2015,49.8,48.27673674663987,24.580701785064587,71.97277170821515,24.580701785064587,71.97277170821515
A_leave_region_Northeast China,Liaoning,Northeast China,2016,42.3,48.27673674663987,24.580701785064587,71.97277170821515,24.580701785064587,71.97277170821515
A_leave_region_Northeast China,Liaoning,Northeast China,2017,40.2,48.27673674663987,24.580701785064587,71.97277170821515,24.580701785064587,71.97277170821515
A_leave_region_Northeast China,Liaoning,Northeast China,2018,34.9,48.27673674663987,24.580701785064587,71.97277170821515,24.580701785064587,71.97277170821515
A_leave_region_Northeast China,Liaoning,Northeast China,2019,37.4,48.27673674663987,24.580701785064587,71.97277170821515,24.580701785064587,71.97277170821515
A_leave_region_Northeast China,Liaoning,Northeast China,2020,36.3,48.27673674663987,24.580701785064587,71.97277170821515,24.580701785064587,71.97277170821515
A_leave_region_Northeast China,Liaoning,Northeast China,2021,32.7,48.27673674663987,24.580701785064587,71.97277170821515,24.580701785064587,71.97277170821515
A_leave_region_Northeast China,Liaoning,Northeast China,2022,31.0,48.27673674663987,24.580701785064587,71.97277170821515,24.580701785064587,71.97277170821515
A_leave_region_Northeast China,Liaoning,Northeast China,2023,34.3,48.27673674663987,24.580701785064587,71.97277170821515,24.580701785064587,71.97277170821515
A_leave_region_Northeast China,Liaoning,Northeast China,2024,34.2,48.27673674663987,24.580701785064587,71.97277170821515,24.580701785064587,71.97277170821515
A_leave_region_East China,Anhui,East China,1998,34.0,53.62647834586568,36.37328708040184,70.87966961132952,36.37328708040184,70.87966961132952
A_leave_region_East China,Anhui,East China,1999,34.2,53.62647834586568,36.37328708040184,70.87966961132952,36.37328708040184,70.87966961132952
A_leave_region_East China,Anhui,East China,2000,39.2,53.62647834586568,36.37328708040184,70.87966961132952,36.37328708040184,70.87966961132952
A_leave_region_East China,Anhui,East China,2001,40.8,53.62647834586568,36.37328708040184,70.87966961132952,36.37328708040184,70.87966961132952
A_leave_region_East China,Anhui,East China,2002,45.5,53.62647834586568,36.37328708040184,70.87966961132952,36.37328708040184,70.87966961132952
A_leave_region_East China,Anhui,East China,2003,50.9,53.62647834586568,36.37328708040184,70.87966961132952,36.37328708040184,70.87966961132952
A_leave_region_East China,Anhui,East China,2004,50.2,53.62647834586568,36.37328708040184,70.87966961132952,36.37328708040184,70.87966961132952
A_leave_region_East China,Anhui,East China,2005,51.7,53.62647834586568,36.37328708040184,70.87966961132952,36.37328708040184,70.87966961132952
A_leave_region_East China,Anhui,East China,2006,53.2,53.62647834586568,36.37328708040184,70.87966961132952,36.37328708040184,70.87966961132952
A_leave_region_East China,Anhui,East China,2007,58.0,53.62647834586568,36.37328708040184,70.87966961132952,36.37328708040184,70.87966961132952
A_leave_region_East China,Anhui,East China,2008,56.2,53.62647834586568,36.37328708040184,70.87966961132952,36.37328708040184,70.87966961132952
A_leave_region_East China,Anhui,East China,2009,55.2,53.62647834586568,36.37328708040184,70.87966961132952,36.37328708040184,70.87966961132952
A_leave_region_East China,Anhui,East China,2010,54.0,53.62647834586568,36.37328708040184,70.87966961132952,36.37328708040184,70.87966961132952
A_leave_region_East China,Anhui,East China,2011,55.4,53.62647834586568,36.37328708040184,70.87966961132952,36.37328708040184,70.87966961132952
A_leave_region_East China,Anhui,East China,2012,51.0,53.62647834586568,36.37328708040184,70.87966961132952,36.37328708040184,70.87966961132952
A_leave_region_East China,Anhui,East China,2013,57.5,53.62647834586568,36.37328708040184,70.87966961132952,36.37328708040184,70.87966961132952
A_leave_region_East China,Anhui,East China,2014,62.5,53.62647834586568,36.37328708040184,70.87966961132952,36.37328708040184,70.87966961132952
A_leave_region_East China,Anhui,East China,2015,57.5,53.62647834586568,36.37328708040184,70.87966961132952,36.37328708040184,70.87966961132952
A_leave_region_East China,Anhui,East China,2016,52.1,53.62647834586568,36.37328708040184,70.87966961132952,36.37328708040184,70.87966961132952
A_leave_region_East China,Anhui,East China,2017,53.1,53.62647834586568,36.37328708040184,70.87966961132952,36.37328708040184,70.87966961132952
A_leave_region_East China,Anhui,East China,2018,48.2,53.62647834586568,36.37328708040184,70.87966961132952,36.37328708040184,70.87966961132952
A_leave_region_East China,Anhui,East China,2019,45.3,53.62647834586568,36.37328708040184,70.87966961132952,36.37328708040184,70.87966961132952
A_leave_region_East China,Anhui,East China,2020,41.3,53.62647834586568,36.37328708040184,70.87966961132952,36.37328708040184,70.87966961132952
A_leave_region_East China,Anhui,East China,2021,38.1,53.62647834586568,36.37328708040184,70.87966961132952,36.37328708040184,70.87966961132952
A_leave_region_East China,Anhui,East China,2022,35.5,53.62647834586568,36.37328708040184,70.87966961132952,36.37328708040184,70.87966961132952
A_leave_region_East China,Anhui,East China,2023,35.5,53.62647834586568,36.37328708040184,70.87966961132952,36.37328708040184,70.87966961132952
A_leave_region_East China,Anhui,East China,2024,36.6,53.62647834586568,36.37328708040184,70.87966961132952,36.37328708040184,70.87966961132952
A_leave_region_East China,Fujian,East China,1998,19.4,40.259958301773466,19.946933086205018,60.57298351734191,19.946933086205018,60.57298351734191
A_leave_region_East China,Fujian,East China,1999,17.1,40.259958301773466,19.946933086205018,60.57298351734191,19.946933086205018,60.57298351734191
A_leave_region_East China,Fujian,East China,2000,22.3,40.259958301773466,19.946933086205018,60.57298351734191,19.946933086205018,60.57298351734191
A_leave_region_East China,Fujian,East China,2001,23.9,40.259958301773466,19.946933086205018,60.57298351734191,19.946933086205018,60.57298351734191
A_leave_region_East China,Fujian,East China,2002,25.0,40.259958301773466,19.946933086205018,60.57298351734191,19.946933086205018,60.57298351734191
A_leave_region_East China,Fujian,East China,2003,26.8,40.259958301773466,19.946933086205018,60.57298351734191,19.946933086205018,60.57298351734191
A_leave_region_East China,Fujian,East China,2004,27.5,40.259958301773466,19.946933086205018,60.57298351734191,19.946933086205018,60.57298351734191
A_leave_region_East China,Fujian,East China,2005,28.3,40.259958301773466,19.946933086205018,60.57298351734191,19.946933086205018,60.57298351734191
A_leave_region_East China,Fujian,East China,2006,30.9,40.259958301773466,19.946933086205018,60.57298351734191,19.946933086205018,60.57298351734191
A_leave_region_East China,Fujian,East China,2007,31.4,40.259958301773466,19.946933086205018,60.57298351734191,19.946933086205018,60.57298351734191
A_leave_region_East China,Fujian,East China,2008,31.6,40.259958301773466,19.946933086205018,60.57298351734191,19.946933086205018,60.57298351734191
A_leave_region_East China,Fujian,East China,2009,29.1,40.259958301773466,19.946933086205018,60.57298351734191,19.946933086205018,60.57298351734191
A_leave_region_East China,Fujian,East China,2010,27.0,40.259958301773466,19.946933086205018,60.57298351734191,19.946933086205018,60.57298351734191
A_leave_region_East China,Fujian,East China,2011,29.7,40.259958301773466,19.946933086205018,60.57298351734191,19.946933086205018,60.57298351734191
A_leave_region_East China,Fujian,East China,2012,28.0,40.259958301773466,19.946933086205018,60.57298351734191,19.946933086205018,60.57298351734191
A_leave_region_East China,Fujian,East China,2013,27.4,40.259958301773466,19.946933086205018,60.57298351734191,19.946933086205018,60.57298351734191
A_leave_region_East China,Fujian,East China,2014,31.7,40.259958301773466,19.946933086205018,60.57298351734191,19.946933086205018,60.57298351734191
A_leave_region_East China,Fujian,East China,2015,29.4,40.259958301773466,19.946933086205018,60.57298351734191,19.946933086205018,60.57298351734191
A_leave_region_East China,Fujian,East China,2016,27.6,40.259958301773466,19.946933086205018,60.57298351734191,19.946933086205018,60.57298351734191
A_leave_region_East China,Fujian,East China,2017,27.5,40.259958301773466,19.946933086205018,60.57298351734191,19.946933086205018,60.57298351734191
A_leave_region_East China,Fujian,East China,2018,25.3,40.259958301773466,19.946933086205018,60.57298351734191,19.946933086205018,60.57298351734191
A_leave_region_East China,Fujian,East China,2019,24.1,40.259958301773466,19.946933086205018,60.57298351734191,19.946933086205018,60.57298351734191
A_leave_region_East China,Fujian,East China,2020,21.2,40.259958301773466,19.946933086205018,60.57298351734191,19.946933086205018,60.57298351734191
A_leave_region_East China,Fujian,East China,2021,22.7,40.259958301773466,19.946933086205018,60.57298351734191,19.946933086205018,60.57298351734191
A_leave_region_East China,Fujian,East China,2022,20.1,40.259958301773466,19.946933086205018,60.57298351734191,19.946933086205018,60.57298351734191
A_leave_region_East China,Fujian,East China,2023,21.6,40.259958301773466,19.946933086205018,60.57298351734191,19.946933086205018,60.57298351734191
A_leave_region_East China,Fujian,East China,2024,21.3,40.259958301773466,19.946933086205018,60.57298351734191,19.946933086205018,60.57298351734191
A_leave_region_East China,Jiangsu,East China,1998,28.8,53.88901186954722,35.16075318195679,72.61727055713764,35.16075318195679,72.61727055713764
A_leave_region_East China,Jiangsu,East China,1999,30.0,53.88901186954722,35.16075318195679,72.61727055713764,35.16075318195679,72.61727055713764
A_leave_region_East China,Jiangsu,East China,2000,34.2,53.88901186954722,35.16075318195679,72.61727055713764,35.16075318195679,72.61727055713764
A_leave_region_East China,Jiangsu,East China,2001,37.3,53.88901186954722,35.16075318195679,72.61727055713764,35.16075318195679,72.61727055713764
A_leave_region_East China,Jiangsu,East China,2002,43.0,53.88901186954722,35.16075318195679,72.61727055713764,35.16075318195679,72.61727055713764
A_leave_region_East China,Jiangsu,East China,2003,46.2,53.88901186954722,35.16075318195679,72.61727055713764,35.16075318195679,72.61727055713764
A_leave_region_East China,Jiangsu,East China,2004,45.0,53.88901186954722,35.16075318195679,72.61727055713764,35.16075318195679,72.61727055713764
A_leave_region_East China,Jiangsu,East China,2005,47.3,53.88901186954722,35.16075318195679,72.61727055713764,35.16075318195679,72.61727055713764
A_leave_region_East China,Jiangsu,East China,2006,48.7,53.88901186954722,35.16075318195679,72.61727055713764,35.16075318195679,72.61727055713764
A_leave_region_East China,Jiangsu,East China,2007,51.6,53.88901186954722,35.16075318195679,72.61727055713764,35.16075318195679,72.61727055713764
A_leave_region_East China,Jiangsu,East China,2008,53.1,53.88901186954722,35.16075318195679,72.61727055713764,35.16075318195679,72.61727055713764
A_leave_region_East China,Jiangsu,East China,2009,51.1,53.88901186954722,35.16075318195679,72.61727055713764,35.16075318195679,72.61727055713764
A_leave_region_East China,Jiangsu,East China,2010,48.8,53.88901186954722,35.16075318195679,72.61727055713764,35.16075318195679,72.61727055713764
A_leave_region_East China,Jiangsu,East China,2011,50.1,53.88901186954722,35.16075318195679,72.61727055713764,35.16075318195679,72.61727055713764
A_leave_region_East China,Jiangsu,East China,2012,44.4,53.88901186954722,35.16075318195679,72.61727055713764,35.16075318195679,72.61727055713764
A_leave_region_East China,Jiangsu,East China,2013,56.6,53.88901186954722,35.16075318195679,72.61727055713764,35.16075318195679,72.61727055713764
A_leave_region_East China,Jiangsu,East China,2014,60.3,53.88901186954722,35.16075318195679,72.61727055713764,35.16075318195679,72.61727055713764
A_leave_region_East China,Jiangsu,East China,2015,58.5,53.88901186954722,35.16075318195679,72.61727055713764,35.16075318195679,72.61727055713764
A_leave_region_East China,Jiangsu,East China,2016,51.4,53.88901186954722,35.16075318195679,72.61727055713764,35.16075318195679,72.61727055713764
A_leave_region_East China,Jiangsu,East China,2017,48.0,53.88901186954722,35.16075318195679,72.61727055713764,35.16075318195679,72.61727055713764
A_leave_region_East China,Jiangsu,East China,2018,46.4,53.88901186954722,35.16075318195679,72.61727055713764,35.16075318195679,72.61727055713764
A_leave_region_East China,Jiangsu,East China,2019,43.7,53.88901186954722,35.16075318195679,72.61727055713764,35.16075318195679,72.61727055713764
A_leave_region_East China,Jiangsu,East China,2020,38.2,53.88901186954722,35.16075318195679,72.61727055713764,35.16075318195679,72.61727055713764
A_leave_region_East China,Jiangsu,East China,2021,35.3,53.88901186954722,35.16075318195679,72.61727055713764,35.16075318195679,72.61727055713764
A_leave_region_East China,Jiangsu,East China,2022,34.4,53.88901186954722,35.16075318195679,72.61727055713764,35.16075318195679,72.61727055713764
A_leave_region_East China,Jiangsu,East China,2023,36.2,53.88901186954722,35.16075318195679,72.61727055713764,35.16075318195679,72.61727055713764
A_leave_region_East China,Jiangsu,East China,2024,35.5,53.88901186954722,35.16075318195679,72.61727055713764,35.16075318195679,72.61727055713764
A_leave_region_East China,Jiangxi,East China,1998,26.3,46.203350909995876,30.010946696676374,62.39575512331538,30.010946696676374,62.39575512331538
A_leave_region_East China,Jiangxi,East China,1999,25.1,46.203350909995876,30.010946696676374,62.39575512331538,30.010946696676374,62.39575512331538
A_leave_region_East China,Jiangxi,East China,2000,29.8,46.203350909995876,30.010946696676374,62.39575512331538,30.010946696676374,62.39575512331538
A_leave_region_East China,Jiangxi,East China,2001,31.3,46.203350909995876,30.010946696676374,62.39575512331538,30.010946696676374,62.39575512331538
A_leave_region_East China,Jiangxi,East China,2002,34.0,46.203350909995876,30.010946696676374,62.39575512331538,30.010946696676374,62.39575512331538
A_leave_region_East China,Jiangxi,East China,2003,38.7,46.203350909995876,30.010946696676374,62.39575512331538,30.010946696676374,62.39575512331538
A_leave_region_East China,Jiangxi,East China,2004,39.4,46.203350909995876,30.010946696676374,62.39575512331538,30.010946696676374,62.39575512331538
A_leave_region_East China,Jiangxi,East China,2005,39.1,46.203350909995876,30.010946696676374,62.39575512331538,30.010946696676374,62.39575512331538
A_leave_region_East China,Jiangxi,East China,2006,41.9,46.203350909995876,30.010946696676374,62.39575512331538,30.010946696676374,62.39575512331538
A_leave_region_East China,Jiangxi,East China,2007,43.2,46.203350909995876,30.010946696676374,62.39575512331538,30.010946696676374,62.39575512331538
A_leave_region_East China,Jiangxi,East China,2008,44.2,46.203350909995876,30.010946696676374,62.39575512331538,30.010946696676374,62.39575512331538
A_leave_region_East China,Jiangxi,East China,2009,41.2,46.203350909995876,30.010946696676374,62.39575512331538,30.010946696676374,62.39575512331538
A_leave_region_East China,Jiangxi,East China,2010,39.4,46.203350909995876,30.010946696676374,62.39575512331538,30.010946696676374,62.39575512331538
A_leave_region_East China,Jiangxi,East China,2011,44.2,46.203350909995876,30.010946696676374,62.39575512331538,30.010946696676374,62.39575512331538
A_leave_region_East China,Jiangxi,East China,2012,43.2,46.203350909995876,30.010946696676374,62.39575512331538,30.010946696676374,62.39575512331538
A_leave_region_East China,Jiangxi,East China,2013,41.2,46.203350909995876,30.010946696676374,62.39575512331538,30.010946696676374,62.39575512331538
A_leave_region_East China,Jiangxi,East China,2014,44.4,46.203350909995876,30.010946696676374,62.39575512331538,30.010946696676374,62.39575512331538
A_leave_region_East China,Jiangxi,East China,2015,40.2,46.203350909995876,30.010946696676374,62.39575512331538,30.010946696676374,62.39575512331538
A_leave_region_East China,Jiangxi,East China,2016,37.8,46.203350909995876,30.010946696676374,62.39575512331538,30.010946696676374,62.39575512331538
A_leave_region_East China,Jiangxi,East China,2017,38.9,46.203350909995876,30.010946696676374,62.39575512331538,30.010946696676374,62.39575512331538
A_leave_region_East China,Jiangxi,East China,2018,32.4,46.203350909995876,30.010946696676374,62.39575512331538,30.010946696676374,62.39575512331538
A_leave_region_East China,Jiangxi,East China,2019,31.8,46.203350909995876,30.010946696676374,62.39575512331538,30.010946696676374,62.39575512331538
A_leave_region_East China,Jiangxi,East China,2020,27.9,46.203350909995876,30.010946696676374,62.39575512331538,30.010946696676374,62.39575512331538
A_leave_region_East China,Jiangxi,East China,2021,26.4,46.203350909995876,30.010946696676374,62.39575512331538,30.010946696676374,62.39575512331538
A_leave_region_East China,Jiangxi,East China,2022,24.2,46.203350909995876,30.010946696676374,62.39575512331538,30.010946696676374,62.39575512331538
A_leave_region_East China,Jiangxi,East China,2023,26.0,46.203350909995876,30.010946696676374,62.39575512331538,30.010946696676374,62.39575512331538
A_leave_region_East China,Jiangxi,East China,2024,24.7,46.203350909995876,30.010946696676374,62.39575512331538,30.010946696676374,62.39575512331538
A_leave_region_East China,Shandong,East China,1998,34.4,61.51104509985051,45.159272978707406,77.86281722099362,45.159272978707406,77.86281722099362
A_leave_region_East China,Shandong,East China,1999,30.7,61.51104509985051,45.159272978707406,77.86281722099362,45.159272978707406,77.86281722099362
A_leave_region_East China,Shandong,East China,2000,37.6,61.51104509985051,45.159272978707406,77.86281722099362,45.159272978707406,77.86281722099362
A_leave_region_East China,Shandong,East China,2001,40.8,61.51104509985051,45.159272978707406,77.86281722099362,45.159272978707406,77.86281722099362
A_leave_region_East China,Shandong,East China,2002,45.5,61.51104509985051,45.159272978707406,77.86281722099362,45.159272978707406,77.86281722099362
A_leave_region_East China,Shandong,East China,2003,54.1,61.51104509985051,45.159272978707406,77.86281722099362,45.159272978707406,77.86281722099362
A_leave_region_East China,Shandong,East China,2004,52.5,61.51104509985051,45.159272978707406,77.86281722099362,45.159272978707406,77.86281722099362
A_leave_region_East China,Shandong,East China,2005,55.6,61.51104509985051,45.159272978707406,77.86281722099362,45.159272978707406,77.86281722099362
A_leave_region_East China,Shandong,East China,2006,64.3,61.51104509985051,45.159272978707406,77.86281722099362,45.159272978707406,77.86281722099362
A_leave_region_East China,Shandong,East China,2007,64.2,61.51104509985051,45.159272978707406,77.86281722099362,45.159272978707406,77.86281722099362
A_leave_region_East China,Shandong,East China,2008,60.8,61.51104509985051,45.159272978707406,77.86281722099362,45.159272978707406,77.86281722099362
A_leave_region_East China,Shandong,East China,2009,58.3,61.51104509985051,45.159272978707406,77.86281722099362,45.159272978707406,77.86281722099362
A_leave_region_East China,Shandong,East China,2010,58.9,61.51104509985051,45.159272978707406,77.86281722099362,45.159272978707406,77.86281722099362
A_leave_region_East China,Shandong,East China,2011,62.8,61.51104509985051,45.159272978707406,77.86281722099362,45.159272978707406,77.86281722099362
A_leave_region_East China,Shandong,East China,2012,59.8,61.51104509985051,45.159272978707406,77.86281722099362,45.159272978707406,77.86281722099362
A_leave_region_East China,Shandong,East China,2013,65.6,61.51104509985051,45.159272978707406,77.86281722099362,45.159272978707406,77.86281722099362
A_leave_region_East China,Shandong,East China,2014,65.4,61.51104509985051,45.159272978707406,77.86281722099362,45.159272978707406,77.86281722099362
A_leave_region_East China,Shandong,East China,2015,70.6,61.51104509985051,45.159272978707406,77.86281722099362,45.159272978707406,77.86281722099362
A_leave_region_East China,Shandong,East China,2016,62.8,61.51104509985051,45.159272978707406,77.86281722099362,45.159272978707406,77.86281722099362
A_leave_region_East China,Shandong,East China,2017,56.0,61.51104509985051,45.159272978707406,77.86281722099362,45.159272978707406,77.86281722099362
A_leave_region_East China,Shandong,East China,2018,50.2,61.51104509985051,45.159272978707406,77.86281722099362,45.159272978707406,77.86281722099362
A_leave_region_East China,Shandong,East China,2019,52.6,61.51104509985051,45.159272978707406,77.86281722099362,45.159272978707406,77.86281722099362
A_leave_region_East China,Shandong,East China,2020,45.8,61.51104509985051,45.159272978707406,77.86281722099362,45.159272978707406,77.86281722099362
A_leave_region_East China,Shandong,East China,2021,41.3,61.51104509985051,45.159272978707406,77.86281722099362,45.159272978707406,77.86281722099362
A_leave_region_East China,Shandong,East China,2022,39.2,61.51104509985051,45.159272978707406,77.86281722099362,45.159272978707406,77.86281722099362
A_leave_region_East China,Shandong,East China,2023,40.5,61.51104509985051,45.159272978707406,77.86281722099362,45.159272978707406,77.86281722099362
A_leave_region_East China,Shandong,East China,2024,39.1,61.51104509985051,45.159272978707406,77.86281722099362,45.159272978707406,77.86281722099362
A_leave_region_East China,Shanghai,East China,1998,24.9,50.846512108168426,29.835285608642593,71.85773860769426,29.835285608642593,71.85773860769426
A_leave_region_East China,Shanghai,East China,1999,25.1,50.846512108168426,29.835285608642593,71.85773860769426,29.835285608642593,71.85773860769426
A_leave_region_East China,Shanghai,East China,2000,28.5,50.846512108168426,29.835285608642593,71.85773860769426,29.835285608642593,71.85773860769426
A_leave_region_East China,Shanghai,East China,2001,31.0,50.846512108168426,29.835285608642593,71.85773860769426,29.835285608642593,71.85773860769426
A_leave_region_East China,Shanghai,East China,2002,37.3,50.846512108168426,29.835285608642593,71.85773860769426,29.835285608642593,71.85773860769426
A_leave_region_East China,Shanghai,East China,2003,38.9,50.846512108168426,29.835285608642593,71.85773860769426,29.835285608642593,71.85773860769426
A_leave_region_East China,Shanghai,East China,2004,36.1,50.846512108168426,29.835285608642593,71.85773860769426,29.835285608642593,71.85773860769426
A_leave_region_East China,Shanghai,East China,2005,36.0,50.846512108168426,29.835285608642593,71.85773860769426,29.835285608642593,71.85773860769426
A_leave_region_East China,Shanghai,East China,2006,39.1,50.846512108168426,29.835285608642593,71.85773860769426,29.835285608642593,71.85773860769426
A_leave_region_East China,Shanghai,East China,2007,42.1,50.846512108168426,29.835285608642593,71.85773860769426,29.835285608642593,71.85773860769426
A_leave_region_East China,Shanghai,East China,2008,44.4,50.846512108168426,29.835285608642593,71.85773860769426,29.835285608642593,71.85773860769426
A_leave_region_East China,Shanghai,East China,2009,42.7,50.846512108168426,29.835285608642593,71.85773860769426,29.835285608642593,71.85773860769426
A_leave_region_East China,Shanghai,East China,2010,37.3,50.846512108168426,29.835285608642593,71.85773860769426,29.835285608642593,71.85773860769426
A_leave_region_East China,Shanghai,East China,2011,38.6,50.846512108168426,29.835285608642593,71.85773860769426,29.835285608642593,71.85773860769426
A_leave_region_East China,Shanghai,East China,2012,29.7,50.846512108168426,29.835285608642593,71.85773860769426,29.835285608642593,71.85773860769426
A_leave_region_East China,Shanghai,East China,2013,48.2,50.846512108168426,29.835285608642593,71.85773860769426,29.835285608642593,71.85773860769426
A_leave_region_East China,Shanghai,East China,2014,49.5,50.846512108168426,29.835285608642593,71.85773860769426,29.835285608642593,71.85773860769426
A_leave_region_East China,Shanghai,East China,2015,51.1,50.846512108168426,29.835285608642593,71.85773860769426,29.835285608642593,71.85773860769426
A_leave_region_East China,Shanghai,East China,2016,43.5,50.846512108168426,29.835285608642593,71.85773860769426,29.835285608642593,71.85773860769426
A_leave_region_East China,Shanghai,East China,2017,39.2,50.846512108168426,29.835285608642593,71.85773860769426,29.835285608642593,71.85773860769426
A_leave_region_East China,Shanghai,East China,2018,36.6,50.846512108168426,29.835285608642593,71.85773860769426,29.835285608642593,71.85773860769426
A_leave_region_East China,Shanghai,East China,2019,35.0,50.846512108168426,29.835285608642593,71.85773860769426,29.835285608642593,71.85773860769426
A_leave_region_East China,Shanghai,East China,2020,31.0,50.846512108168426,29.835285608642593,71.85773860769426,29.835285608642593,71.85773860769426
A_leave_region_East China,Shanghai,East China,2021,28.7,50.846512108168426,29.835285608642593,71.85773860769426,29.835285608642593,71.85773860769426
A_leave_region_East China,Shanghai,East China,2022,29.8,50.846512108168426,29.835285608642593,71.85773860769426,29.835285608642593,71.85773860769426
A_leave_region_East China,Shanghai,East China,2023,35.0,50.846512108168426,29.835285608642593,71.85773860769426,29.835285608642593,71.85773860769426
A_leave_region_East China,Shanghai,East China,2024,34.2,50.846512108168426,29.835285608642593,71.85773860769426,29.835285608642593,71.85773860769426
A_leave_region_East China,Zhejiang,East China,1998,27.0,49.46306699684189,29.430262847893857,69.49587114578992,29.430262847893857,69.49587114578992
A_leave_region_East China,Zhejiang,East China,1999,25.8,49.46306699684189,29.430262847893857,69.49587114578992,29.430262847893857,69.49587114578992
A_leave_region_East China,Zhejiang,East China,2000,31.1,49.46306699684189,29.430262847893857,69.49587114578992,29.430262847893857,69.49587114578992
A_leave_region_East China,Zhejiang,East China,2001,32.9,49.46306699684189,29.430262847893857,69.49587114578992,29.430262847893857,69.49587114578992
A_leave_region_East China,Zhejiang,East China,2002,36.3,49.46306699684189,29.430262847893857,69.49587114578992,29.430262847893857,69.49587114578992
A_leave_region_East China,Zhejiang,East China,2003,39.1,49.46306699684189,29.430262847893857,69.49587114578992,29.430262847893857,69.49587114578992
A_leave_region_East China,Zhejiang,East China,2004,37.5,49.46306699684189,29.430262847893857,69.49587114578992,29.430262847893857,69.49587114578992
A_leave_region_East China,Zhejiang,East China,2005,36.5,49.46306699684189,29.430262847893857,69.49587114578992,29.430262847893857,69.49587114578992
A_leave_region_East China,Zhejiang,East China,2006,37.9,49.46306699684189,29.430262847893857,69.49587114578992,29.430262847893857,69.49587114578992
A_leave_region_East China,Zhejiang,East China,2007,41.6,49.46306699684189,29.430262847893857,69.49587114578992,29.430262847893857,69.49587114578992
A_leave_region_East China,Zhejiang,East China,2008,43.9,49.46306699684189,29.430262847893857,69.49587114578992,29.430262847893857,69.49587114578992
A_leave_region_East China,Zhejiang,East China,2009,40.3,49.46306699684189,29.430262847893857,69.49587114578992,29.430262847893857,69.49587114578992
A_leave_region_East China,Zhejiang,East China,2010,36.5,49.46306699684189,29.430262847893857,69.49587114578992,29.430262847893857,69.49587114578992
A_leave_region_East China,Zhejiang,East China,2011,40.5,49.46306699684189,29.430262847893857,69.49587114578992,29.430262847893857,69.49587114578992
A_leave_region_East China,Zhejiang,East China,2012,35.9,49.46306699684189,29.430262847893857,69.49587114578992,29.430262847893857,69.49587114578992
A_leave_region_East China,Zhejiang,East China,2013,39.5,49.46306699684189,29.430262847893857,69.49587114578992,29.430262847893857,69.49587114578992
A_leave_region_East China,Zhejiang,East China,2014,47.0,49.46306699684189,29.430262847893857,69.49587114578992,29.430262847893857,69.49587114578992
A_leave_region_East China,Zhejiang,East China,2015,43.6,49.46306699684189,29.430262847893857,69.49587114578992,29.430262847893857,69.49587114578992
A_leave_region_East China,Zhejiang,East China,2016,37.6,49.46306699684189,29.430262847893857,69.49587114578992,29.430262847893857,69.49587114578992
A_leave_region_East China,Zhejiang,East China,2017,36.8,49.46306699684189,29.430262847893857,69.49587114578992,29.430262847893857,69.49587114578992
A_leave_region_East China,Zhejiang,East China,2018,32.5,49.46306699684189,29.430262847893857,69.49587114578992,29.430262847893857,69.49587114578992
A_leave_region_East China,Zhejiang,East China,2019,30.9,49.46306699684189,29.430262847893857,69.49587114578992,29.430262847893857,69.49587114578992
A_leave_region_East China,Zhejiang,East China,2020,26.4,49.46306699684189,29.430262847893857,69.49587114578992,29.430262847893857,69.49587114578992
A_leave_region_East China,Zhejiang,East China,2021,25.2,49.46306699684189,29.430262847893857,69.49587114578992,29.430262847893857,69.49587114578992
A_leave_region_East China,Zhejiang,East China,2022,25.6,49.46306699684189,29.430262847893857,69.49587114578992,29.430262847893857,69.49587114578992
A_leave_region_East China,Zhejiang,East China,2023,27.2,49.46306699684189,29.430262847893857,69.49587114578992,29.430262847893857,69.49587114578992
A_leave_region_East China,Zhejiang,East China,2024,27.1,49.46306699684189,29.430262847893857,69.49587114578992,29.430262847893857,69.49587114578992
A_leave_region_Central China,Henan,Central China,1998,35.7,50.023531031510544,33.92170037090328,66.1253616921178,33.92170037090328,66.1253616921178
A_leave_region_Central China,Henan,Central China,1999,32.9,50.023531031510544,33.92170037090328,66.1253616921178,33.92170037090328,66.1253616921178
A_leave_region_Central China,Henan,Central China,2000,46.2,50.023531031510544,33.92170037090328,66.1253616921178,33.92170037090328,66.1253616921178
A_leave_region_Central China,Henan,Central China,2001,47.2,50.023531031510544,33.92170037090328,66.1253616921178,33.92170037090328,66.1253616921178
A_leave_region_Central China,Henan,Central China,2002,51.7,50.023531031510544,33.92170037090328,66.1253616921178,33.92170037090328,66.1253616921178
A_leave_region_Central China,Henan,Central China,2003,60.2,50.023531031510544,33.92170037090328,66.1253616921178,33.92170037090328,66.1253616921178
A_leave_region_Central China,Henan,Central China,2004,58.5,50.023531031510544,33.92170037090328,66.1253616921178,33.92170037090328,66.1253616921178
A_leave_region_Central China,Henan,Central China,2005,67.3,50.023531031510544,33.92170037090328,66.1253616921178,33.92170037090328,66.1253616921178
A_leave_region_Central China,Henan,Central China,2006,72.8,50.023531031510544,33.92170037090328,66.1253616921178,33.92170037090328,66.1253616921178
A_leave_region_Central China,Henan,Central China,2007,74.0,50.023531031510544,33.92170037090328,66.1253616921178,33.92170037090328,66.1253616921178
A_leave_region_Central China,Henan,Central China,2008,65.2,50.023531031510544,33.92170037090328,66.1253616921178,33.92170037090328,66.1253616921178
A_leave_region_Central China,Henan,Central China,2009,64.3,50.023531031510544,33.92170037090328,66.1253616921178,33.92170037090328,66.1253616921178
A_leave_region_Central China,Henan,Central China,2010,65.5,50.023531031510544,33.92170037090328,66.1253616921178,33.92170037090328,66.1253616921178
A_leave_region_Central China,Henan,Central China,2011,76.7,50.023531031510544,33.92170037090328,66.1253616921178,33.92170037090328,66.1253616921178
A_leave_region_Central China,Henan,Central China,2012,70.6,50.023531031510544,33.92170037090328,66.1253616921178,33.92170037090328,66.1253616921178
A_leave_region_Central China,Henan,Central China,2013,74.8,50.023531031510544,33.92170037090328,66.1253616921178,33.92170037090328,66.1253616921178
A_leave_region_Central China,Henan,Central China,2014,71.2,50.023531031510544,33.92170037090328,66.1253616921178,33.92170037090328,66.1253616921178
A_leave_region_Central China,Henan,Central China,2015,72.3,50.023531031510544,33.92170037090328,66.1253616921178,33.92170037090328,66.1253616921178
A_leave_region_Central China,Henan,Central China,2016,64.9,50.023531031510544,33.92170037090328,66.1253616921178,33.92170037090328,66.1253616921178
A_leave_region_Central China,Henan,Central China,2017,61.0,50.023531031510544,33.92170037090328,66.1253616921178,33.92170037090328,66.1253616921178
A_leave_region_Central China,Henan,Central China,2018,56.0,50.023531031510544,33.92170037090328,66.1253616921178,33.92170037090328,66.1253616921178
A_leave_region_Central China,Henan,Central China,2019,55.6,50.023531031510544,33.92170037090328,66.1253616921178,33.92170037090328,66.1253616921178
A_leave_region_Central China,Henan,Central China,2020,49.8,50.023531031510544,33.92170037090328,66.1253616921178,33.92170037090328,66.1253616921178
A_leave_region_Central China,Henan,Central China,2021,43.8,50.023531031510544,33.92170037090328,66.1253616921178,33.92170037090328,66.1253616921178
A_leave_region_Central China,Henan,Central China,2022,44.5,50.023531031510544,33.92170037090328,66.1253616921178,33.92170037090328,66.1253616921178
A_leave_region_Central China,Henan,Central China,2023,42.1,50.023531031510544,33.92170037090328,66.1253616921178,33.92170037090328,66.1253616921178
A_leave_region_Central China,Henan,Central China,2024,42.8,50.023531031510544,33.92170037090328,66.1253616921178,33.92170037090328,66.1253616921178
A_leave_region_Central China,Hubei,Central China,1998,31.4,45.025267281858106,29.318481431364596,60.732053132351616,29.318481431364596,60.732053132351616
A_leave_region_Central China,Hubei,Central China,1999,29.3,45.025267281858106,29.318481431364596,60.732053132351616,29.318481431364596,60.732053132351616
A_leave_region_Central China,Hubei,Central China,2000,37.1,45.025267281858106,29.318481431364596,60.732053132351616,29.318481431364596,60.732053132351616
A_leave_region_Central China,Hubei,Central China,2001,38.4,45.025267281858106,29.318481431364596,60.732053132351616,29.318481431364596,60.732053132351616
A_leave_region_Central China,Hubei,Central China,2002,41.9,45.025267281858106,29.318481431364596,60.732053132351616,29.318481431364596,60.732053132351616
A_leave_region_Central China,Hubei,Central China,2003,46.1,45.025267281858106,29.318481431364596,60.732053132351616,29.318481431364596,60.732053132351616
A_leave_region_Central China,Hubei,Central China,2004,46.6,45.025267281858106,29.318481431364596,60.732053132351616,29.318481431364596,60.732053132351616
A_leave_region_Central China,Hubei,Central China,2005,51.3,45.025267281858106,29.318481431364596,60.732053132351616,29.318481431364596,60.732053132351616
A_leave_region_Central China,Hubei,Central China,2006,51.4,45.025267281858106,29.318481431364596,60.732053132351616,29.318481431364596,60.732053132351616
A_leave_region_Central China,Hubei,Central China,2007,54.0,45.025267281858106,29.318481431364596,60.732053132351616,29.318481431364596,60.732053132351616
A_leave_region_Central China,Hubei,Central China,2008,56.5,45.025267281858106,29.318481431364596,60.732053132351616,29.318481431364596,60.732053132351616
A_leave_region_Central China,Hubei,Central China,2009,54.0,45.025267281858106,29.318481431364596,60.732053132351616,29.318481431364596,60.732053132351616
A_leave_region_Central China,Hubei,Central China,2010,55.2,45.025267281858106,29.318481431364596,60.732053132351616,29.318481431364596,60.732053132351616
A_leave_region_Central China,Hubei,Central China,2011,61.6,45.025267281858106,29.318481431364596,60.732053132351616,29.318481431364596,60.732053132351616
A_leave_region_Central China,Hubei,Central China,2012,54.1,45.025267281858106,29.318481431364596,60.732053132351616,29.318481431364596,60.732053132351616
A_leave_region_Central China,Hubei,Central China,2013,59.1,45.025267281858106,29.318481431364596,60.732053132351616,29.318481431364596,60.732053132351616
A_leave_region_Central China,Hubei,Central China,2014,60.4,45.025267281858106,29.318481431364596,60.732053132351616,29.318481431364596,60.732053132351616
A_leave_region_Central China,Hubei,Central China,2015,57.2,45.025267281858106,29.318481431364596,60.732053132351616,29.318481431364596,60.732053132351616
A_leave_region_Central China,Hubei,Central China,2016,49.9,45.025267281858106,29.318481431364596,60.732053132351616,29.318481431364596,60.732053132351616
A_leave_region_Central China,Hubei,Central China,2017,47.0,45.025267281858106,29.318481431364596,60.732053132351616,29.318481431364596,60.732053132351616
A_leave_region_Central China,Hubei,Central China,2018,43.0,45.025267281858106,29.318481431364596,60.732053132351616,29.318481431364596,60.732053132351616
A_leave_region_Central China,Hubei,Central China,2019,42.2,45.025267281858106,29.318481431364596,60.732053132351616,29.318481431364596,60.732053132351616
A_leave_region_Central China,Hubei,Central China,2020,36.1,45.025267281858106,29.318481431364596,60.732053132351616,29.318481431364596,60.732053132351616
A_leave_region_Central China,Hubei,Central China,2021,34.6,45.025267281858106,29.318481431364596,60.732053132351616,29.318481431364596,60.732053132351616
A_leave_region_Central China,Hubei,Central China,2022,35.4,45.025267281858106,29.318481431364596,60.732053132351616,29.318481431364596,60.732053132351616
A_leave_region_Central China,Hubei,Central China,2023,36.0,45.025267281858106,29.318481431364596,60.732053132351616,29.318481431364596,60.732053132351616
A_leave_region_Central China,Hubei,Central China,2024,35.0,45.025267281858106,29.318481431364596,60.732053132351616,29.318481431364596,60.732053132351616
A_leave_region_Central China,Hunan,Central China,1998,29.1,38.88847795295749,23.00371013538816,54.77324577052681,23.00371013538816,54.77324577052681
A_leave_region_Central China,Hunan,Central China,1999,28.5,38.88847795295749,23.00371013538816,54.77324577052681,23.00371013538816,54.77324577052681
A_leave_region_Central China,Hunan,Central China,2000,33.8,38.88847795295749,23.00371013538816,54.77324577052681,23.00371013538816,54.77324577052681
A_leave_region_Central China,Hunan,Central China,2001,34.7,38.88847795295749,23.00371013538816,54.77324577052681,23.00371013538816,54.77324577052681
A_leave_region_Central China,Hunan,Central China,2002,37.7,38.88847795295749,23.00371013538816,54.77324577052681,23.00371013538816,54.77324577052681
A_leave_region_Central China,Hunan,Central China,2003,41.0,38.88847795295749,23.00371013538816,54.77324577052681,23.00371013538816,54.77324577052681
A_leave_region_Central China,Hunan,Central China,2004,42.9,38.88847795295749,23.00371013538816,54.77324577052681,23.00371013538816,54.77324577052681
A_leave_region_Central China,Hunan,Central China,2005,47.0,38.88847795295749,23.00371013538816,54.77324577052681,23.00371013538816,54.77324577052681
A_leave_region_Central China,Hunan,Central China,2006,49.6,38.88847795295749,23.00371013538816,54.77324577052681,23.00371013538816,54.77324577052681
A_leave_region_Central China,Hunan,Central China,2007,49.8,38.88847795295749,23.00371013538816,54.77324577052681,23.00371013538816,54.77324577052681
A_leave_region_Central China,Hunan,Central China,2008,54.7,38.88847795295749,23.00371013538816,54.77324577052681,23.00371013538816,54.77324577052681
A_leave_region_Central China,Hunan,Central China,2009,49.2,38.88847795295749,23.00371013538816,54.77324577052681,23.00371013538816,54.77324577052681
A_leave_region_Central China,Hunan,Central China,2010,47.8,38.88847795295749,23.00371013538816,54.77324577052681,23.00371013538816,54.77324577052681
A_leave_region_Central China,Hunan,Central China,2011,54.8,38.88847795295749,23.00371013538816,54.77324577052681,23.00371013538816,54.77324577052681
A_leave_region_Central China,Hunan,Central China,2012,53.6,38.88847795295749,23.00371013538816,54.77324577052681,23.00371013538816,54.77324577052681
A_leave_region_Central China,Hunan,Central China,2013,48.8,38.88847795295749,23.00371013538816,54.77324577052681,23.00371013538816,54.77324577052681
A_leave_region_Central China,Hunan,Central China,2014,54.9,38.88847795295749,23.00371013538816,54.77324577052681,23.00371013538816,54.77324577052681
A_leave_region_Central China,Hunan,Central China,2015,49.3,38.88847795295749,23.00371013538816,54.77324577052681,23.00371013538816,54.77324577052681
A_leave_region_Central China,Hunan,Central China,2016,43.2,38.88847795295749,23.00371013538816,54.77324577052681,23.00371013538816,54.77324577052681
A_leave_region_Central China,Hunan,Central China,2017,41.5,38.88847795295749,23.00371013538816,54.77324577052681,23.00371013538816,54.77324577052681
A_leave_region_Central China,Hunan,Central China,2018,37.3,38.88847795295749,23.00371013538816,54.77324577052681,23.00371013538816,54.77324577052681
A_leave_region_Central China,Hunan,Central China,2019,37.7,38.88847795295749,23.00371013538816,54.77324577052681,23.00371013538816,54.77324577052681
A_leave_region_Central China,Hunan,Central China,2020,32.2,38.88847795295749,23.00371013538816,54.77324577052681,23.00371013538816,54.77324577052681
A_leave_region_Central China,Hunan,Central China,2021,31.6,38.88847795295749,23.00371013538816,54.77324577052681,23.00371013538816,54.77324577052681
A_leave_region_Central China,Hunan,Central China,2022,30.4,38.88847795295749,23.00371013538816,54.77324577052681,23.00371013538816,54.77324577052681
A_leave_region_Central China,Hunan,Central China,2023,32.2,38.88847795295749,23.00371013538816,54.77324577052681,23.00371013538816,54.77324577052681
A_leave_region_Central China,Hunan,Central China,2024,30.7,38.88847795295749,23.00371013538816,54.77324577052681,23.00371013538816,54.77324577052681
A_leave_region_South China,Guangdong,South China,1998,20.6,27.019580317739894,6.738817110777298,47.30034352470249,6.738817110777298,47.30034352470249
A_leave_region_South China,Guangdong,South China,1999,18.3,27.019580317739894,6.738817110777298,47.30034352470249,6.738817110777298,47.30034352470249
A_leave_region_South China,Guangdong,South China,2000,24.2,27.019580317739894,6.738817110777298,47.30034352470249,6.738817110777298,47.30034352470249
A_leave_region_South China,Guangdong,South China,2001,26.3,27.019580317739894,6.738817110777298,47.30034352470249,6.738817110777298,47.30034352470249
A_leave_region_South China,Guangdong,South China,2002,26.8,27.019580317739894,6.738817110777298,47.30034352470249,6.738817110777298,47.30034352470249
A_leave_region_South China,Guangdong,South China,2003,29.9,27.019580317739894,6.738817110777298,47.30034352470249,6.738817110777298,47.30034352470249
A_leave_region_South China,Guangdong,South China,2004,34.4,27.019580317739894,6.738817110777298,47.30034352470249,6.738817110777298,47.30034352470249
A_leave_region_South China,Guangdong,South China,2005,32.7,27.019580317739894,6.738817110777298,47.30034352470249,6.738817110777298,47.30034352470249
A_leave_region_South China,Guangdong,South China,2006,36.0,27.019580317739894,6.738817110777298,47.30034352470249,6.738817110777298,47.30034352470249
A_leave_region_South China,Guangdong,South China,2007,37.7,27.019580317739894,6.738817110777298,47.30034352470249,6.738817110777298,47.30034352470249
A_leave_region_South China,Guangdong,South China,2008,36.7,27.019580317739894,6.738817110777298,47.30034352470249,6.738817110777298,47.30034352470249
A_leave_region_South China,Guangdong,South China,2009,34.2,27.019580317739894,6.738817110777298,47.30034352470249,6.738817110777298,47.30034352470249
A_leave_region_South China,Guangdong,South China,2010,30.3,27.019580317739894,6.738817110777298,47.30034352470249,6.738817110777298,47.30034352470249
A_leave_region_South China,Guangdong,South China,2011,36.8,27.019580317739894,6.738817110777298,47.30034352470249,6.738817110777298,47.30034352470249
A_leave_region_South China,Guangdong,South China,2012,37.1,27.019580317739894,6.738817110777298,47.30034352470249,6.738817110777298,47.30034352470249
A_leave_region_South China,Guangdong,South China,2013,36.2,27.019580317739894,6.738817110777298,47.30034352470249,6.738817110777298,47.30034352470249
A_leave_region_South China,Guangdong,South China,2014,36.8,27.019580317739894,6.738817110777298,47.30034352470249,6.738817110777298,47.30034352470249
A_leave_region_South China,Guangdong,South China,2015,33.1,27.019580317739894,6.738817110777298,47.30034352470249,6.738817110777298,47.30034352470249
A_leave_region_South China,Guangdong,South China,2016,30.6,27.019580317739894,6.738817110777298,47.30034352470249,6.738817110777298,47.30034352470249
A_leave_region_South China,Guangdong,South China,2017,32.2,27.019580317739894,6.738817110777298,47.30034352470249,6.738817110777298,47.30034352470249
A_leave_region_South China,Guangdong,South China,2018,29.8,27.019580317739894,6.738817110777298,47.30034352470249,6.738817110777298,47.30034352470249
A_leave_region_South China,Guangdong,South China,2019,28.2,27.019580317739894,6.738817110777298,47.30034352470249,6.738817110777298,47.30034352470249
A_leave_region_South China,Guangdong,South China,2020,23.1,27.019580317739894,6.738817110777298,47.30034352470249,6.738817110777298,47.30034352470249
A_leave_region_South China,Guangdong,South China,2021,23.2,27.019580317739894,6.738817110777298,47.30034352470249,6.738817110777298,47.30034352470249
A_leave_region_South China,Guangdong,South China,2022,23.2,27.019580317739894,6.738817110777298,47.30034352470249,6.738817110777298,47.30034352470249
A_leave_region_South China,Guangdong,South China,2023,23.9,27.019580317739894,6.738817110777298,47.30034352470249,6.738817110777298,47.30034352470249
A_leave_region_South China,Guangdong,South China,2024,23.6,27.019580317739894,6.738817110777298,47.30034352470249,6.738817110777298,47.30034352470249
A_leave_region_South China,Guangxi,South China,1998,22.7,26.078136838006117,6.209890294781971,45.94638338123026,6.209890294781971,45.94638338123026
A_leave_region_South China,Guangxi,South China,1999,21.5,26.078136838006117,6.209890294781971,45.94638338123026,6.209890294781971,45.94638338123026
A_leave_region_South China,Guangxi,South China,2000,24.9,26.078136838006117,6.209890294781971,45.94638338123026,6.209890294781971,45.94638338123026
A_leave_region_South China,Guangxi,South China,2001,28.7,26.078136838006117,6.209890294781971,45.94638338123026,6.209890294781971,45.94638338123026
A_leave_region_South China,Guangxi,South China,2002,28.5,26.078136838006117,6.209890294781971,45.94638338123026,6.209890294781971,45.94638338123026
A_leave_region_South China,Guangxi,South China,2003,30.1,26.078136838006117,6.209890294781971,45.94638338123026,6.209890294781971,45.94638338123026
A_leave_region_South China,Guangxi,South China,2004,36.3,26.078136838006117,6.209890294781971,45.94638338123026,6.209890294781971,45.94638338123026
A_leave_region_South China,Guangxi,South China,2005,36.4,26.078136838006117,6.209890294781971,45.94638338123026,6.209890294781971,45.94638338123026
A_leave_region_South China,Guangxi,South China,2006,39.6,26.078136838006117,6.209890294781971,45.94638338123026,6.209890294781971,45.94638338123026
A_leave_region_South China,Guangxi,South China,2007,42.4,26.078136838006117,6.209890294781971,45.94638338123026,6.209890294781971,45.94638338123026
A_leave_region_South China,Guangxi,South China,2008,41.3,26.078136838006117,6.209890294781971,45.94638338123026,6.209890294781971,45.94638338123026
A_leave_region_South China,Guangxi,South China,2009,34.8,26.078136838006117,6.209890294781971,45.94638338123026,6.209890294781971,45.94638338123026
A_leave_region_South China,Guangxi,South China,2010,34.9,26.078136838006117,6.209890294781971,45.94638338123026,6.209890294781971,45.94638338123026
A_leave_region_South China,Guangxi,South China,2011,40.9,26.078136838006117,6.209890294781971,45.94638338123026,6.209890294781971,45.94638338123026
A_leave_region_South China,Guangxi,South China,2012,40.4,26.078136838006117,6.209890294781971,45.94638338123026,6.209890294781971,45.94638338123026
A_leave_region_South China,Guangxi,South China,2013,38.1,26.078136838006117,6.209890294781971,45.94638338123026,6.209890294781971,45.94638338123026
A_leave_region_South China,Guangxi,South China,2014,41.4,26.078136838006117,6.209890294781971,45.94638338123026,6.209890294781971,45.94638338123026
A_leave_region_South China,Guangxi,South China,2015,36.4,26.078136838006117,6.209890294781971,45.94638338123026,6.209890294781971,45.94638338123026
A_leave_region_South China,Guangxi,South China,2016,33.4,26.078136838006117,6.209890294781971,45.94638338123026,6.209890294781971,45.94638338123026
A_leave_region_South China,Guangxi,South China,2017,34.6,26.078136838006117,6.209890294781971,45.94638338123026,6.209890294781971,45.94638338123026
A_leave_region_South China,Guangxi,South China,2018,32.5,26.078136838006117,6.209890294781971,45.94638338123026,6.209890294781971,45.94638338123026
A_leave_region_South China,Guangxi,South China,2019,30.2,26.078136838006117,6.209890294781971,45.94638338123026,6.209890294781971,45.94638338123026
A_leave_region_South China,Guangxi,South China,2020,26.4,26.078136838006117,6.209890294781971,45.94638338123026,6.209890294781971,45.94638338123026
A_leave_region_South China,Guangxi,South China,2021,26.0,26.078136838006117,6.209890294781971,45.94638338123026,6.209890294781971,45.94638338123026
A_leave_region_South China,Guangxi,South China,2022,24.6,26.078136838006117,6.209890294781971,45.94638338123026,6.209890294781971,45.94638338123026
A_leave_region_South China,Guangxi,South China,2023,24.9,26.078136838006117,6.209890294781971,45.94638338123026,6.209890294781971,45.94638338123026
A_leave_region_South China,Guangxi,South China,2024,23.6,26.078136838006117,6.209890294781971,45.94638338123026,6.209890294781971,45.94638338123026
A_leave_region_South China,Hainan,South China,1998,16.1,22.22802572532521,-1.5868511928718405,46.04290264352226,-1.5868511928718405,46.04290264352226
A_leave_region_South China,Hainan,South China,1999,14.1,22.22802572532521,-1.5868511928718405,46.04290264352226,-1.5868511928718405,46.04290264352226
A_leave_region_South China,Hainan,South China,2000,16.1,22.22802572532521,-1.5868511928718405,46.04290264352226,-1.5868511928718405,46.04290264352226
A_leave_region_South China,Hainan,South China,2001,17.7,22.22802572532521,-1.5868511928718405,46.04290264352226,-1.5868511928718405,46.04290264352226
A_leave_region_South China,Hainan,South China,2002,16.4,22.22802572532521,-1.5868511928718405,46.04290264352226,-1.5868511928718405,46.04290264352226
A_leave_region_South China,Hainan,South China,2003,17.6,22.22802572532521,-1.5868511928718405,46.04290264352226,-1.5868511928718405,46.04290264352226
A_leave_region_South China,Hainan,South China,2004,21.7,22.22802572532521,-1.5868511928718405,46.04290264352226,-1.5868511928718405,46.04290264352226
A_leave_region_South China,Hainan,South China,2005,21.5,22.22802572532521,-1.5868511928718405,46.04290264352226,-1.5868511928718405,46.04290264352226
A_leave_region_South China,Hainan,South China,2006,22.1,22.22802572532521,-1.5868511928718405,46.04290264352226,-1.5868511928718405,46.04290264352226
A_leave_region_South China,Hainan,South China,2007,23.4,22.22802572532521,-1.5868511928718405,46.04290264352226,-1.5868511928718405,46.04290264352226
A_leave_region_South China,Hainan,South China,2008,23.3,22.22802572532521,-1.5868511928718405,46.04290264352226,-1.5868511928718405,46.04290264352226
A_leave_region_South China,Hainan,South China,2009,20.3,22.22802572532521,-1.5868511928718405,46.04290264352226,-1.5868511928718405,46.04290264352226
A_leave_region_South China,Hainan,South China,2010,17.9,22.22802572532521,-1.5868511928718405,46.04290264352226,-1.5868511928718405,46.04290264352226
A_leave_region_South China,Hainan,South China,2011,24.1,22.22802572532521,-1.5868511928718405,46.04290264352226,-1.5868511928718405,46.04290264352226
A_leave_region_South China,Hainan,South China,2012,18.0,22.22802572532521,-1.5868511928718405,46.04290264352226,-1.5868511928718405,46.04290264352226
A_leave_region_South China,Hainan,South China,2013,21.9,22.22802572532521,-1.5868511928718405,46.04290264352226,-1.5868511928718405,46.04290264352226
A_leave_region_South China,Hainan,South China,2014,21.3,22.22802572532521,-1.5868511928718405,46.04290264352226,-1.5868511928718405,46.04290264352226
A_leave_region_South China,Hainan,South China,2015,20.6,22.22802572532521,-1.5868511928718405,46.04290264352226,-1.5868511928718405,46.04290264352226
A_leave_region_South China,Hainan,South China,2016,20.3,22.22802572532521,-1.5868511928718405,46.04290264352226,-1.5868511928718405,46.04290264352226
A_leave_region_South China,Hainan,South China,2017,20.6,22.22802572532521,-1.5868511928718405,46.04290264352226,-1.5868511928718405,46.04290264352226
A_leave_region_South China,Hainan,South China,2018,17.6,22.22802572532521,-1.5868511928718405,46.04290264352226,-1.5868511928718405,46.04290264352226
A_leave_region_South China,Hainan,South China,2019,16.8,22.22802572532521,-1.5868511928718405,46.04290264352226,-1.5868511928718405,46.04290264352226
A_leave_region_South China,Hainan,South China,2020,14.7,22.22802572532521,-1.5868511928718405,46.04290264352226,-1.5868511928718405,46.04290264352226
A_leave_region_South China,Hainan,South China,2021,15.9,22.22802572532521,-1.5868511928718405,46.04290264352226,-1.5868511928718405,46.04290264352226
A_leave_region_South China,Hainan,South China,2022,15.6,22.22802572532521,-1.5868511928718405,46.04290264352226,-1.5868511928718405,46.04290264352226
A_leave_region_South China,Hainan,South China,2023,14.8,22.22802572532521,-1.5868511928718405,46.04290264352226,-1.5868511928718405,46.04290264352226
A_leave_region_South China,Hainan,South China,2024,15.7,22.22802572532521,-1.5868511928718405,46.04290264352226,-1.5868511928718405,46.04290264352226
A_leave_region_Southwest China,Chongqing,Southwest China,1998,35.4,43.28888575824803,24.656373288226703,61.921398228269354,24.656373288226703,61.921398228269354
A_leave_region_Southwest China,Chongqing,Southwest China,1999,35.3,43.28888575824803,24.656373288226703,61.921398228269354,24.656373288226703,61.921398228269354
A_leave_region_Southwest China,Chongqing,Southwest China,2000,38.5,43.28888575824803,24.656373288226703,61.921398228269354,24.656373288226703,61.921398228269354
A_leave_region_Southwest China,Chongqing,Southwest China,2001,39.7,43.28888575824803,24.656373288226703,61.921398228269354,24.656373288226703,61.921398228269354
A_leave_region_Southwest China,Chongqing,Southwest China,2002,43.5,43.28888575824803,24.656373288226703,61.921398228269354,24.656373288226703,61.921398228269354
A_leave_region_Southwest China,Chongqing,Southwest China,2003,44.3,43.28888575824803,24.656373288226703,61.921398228269354,24.656373288226703,61.921398228269354
A_leave_region_Southwest China,Chongqing,Southwest China,2004,46.0,43.28888575824803,24.656373288226703,61.921398228269354,24.656373288226703,61.921398228269354
A_leave_region_Southwest China,Chongqing,Southwest China,2005,49.2,43.28888575824803,24.656373288226703,61.921398228269354,24.656373288226703,61.921398228269354
A_leave_region_Southwest China,Chongqing,Southwest China,2006,54.6,43.28888575824803,24.656373288226703,61.921398228269354,24.656373288226703,61.921398228269354
A_leave_region_Southwest China,Chongqing,Southwest China,2007,50.9,43.28888575824803,24.656373288226703,61.921398228269354,24.656373288226703,61.921398228269354
A_leave_region_Southwest China,Chongqing,Southwest China,2008,53.5,43.28888575824803,24.656373288226703,61.921398228269354,24.656373288226703,61.921398228269354
A_leave_region_Southwest China,Chongqing,Southwest China,2009,50.7,43.28888575824803,24.656373288226703,61.921398228269354,24.656373288226703,61.921398228269354
A_leave_region_Southwest China,Chongqing,Southwest China,2010,53.2,43.28888575824803,24.656373288226703,61.921398228269354,24.656373288226703,61.921398228269354
A_leave_region_Southwest China,Chongqing,Southwest China,2011,54.0,43.28888575824803,24.656373288226703,61.921398228269354,24.656373288226703,61.921398228269354
A_leave_region_Southwest China,Chongqing,Southwest China,2012,51.5,43.28888575824803,24.656373288226703,61.921398228269354,24.656373288226703,61.921398228269354
A_leave_region_Southwest China,Chongqing,Southwest China,2013,52.1,43.28888575824803,24.656373288226703,61.921398228269354,24.656373288226703,61.921398228269354
A_leave_region_Southwest China,Chongqing,Southwest China,2014,50.4,43.28888575824803,24.656373288226703,61.921398228269354,24.656373288226703,61.921398228269354
A_leave_region_Southwest China,Chongqing,Southwest China,2015,46.6,43.28888575824803,24.656373288226703,61.921398228269354,24.656373288226703,61.921398228269354
A_leave_region_Southwest China,Chongqing,Southwest China,2016,44.0,43.28888575824803,24.656373288226703,61.921398228269354,24.656373288226703,61.921398228269354
A_leave_region_Southwest China,Chongqing,Southwest China,2017,39.6,43.28888575824803,24.656373288226703,61.921398228269354,24.656373288226703,61.921398228269354
A_leave_region_Southwest China,Chongqing,Southwest China,2018,34.9,43.28888575824803,24.656373288226703,61.921398228269354,24.656373288226703,61.921398228269354
A_leave_region_Southwest China,Chongqing,Southwest China,2019,35.2,43.28888575824803,24.656373288226703,61.921398228269354,24.656373288226703,61.921398228269354
A_leave_region_Southwest China,Chongqing,Southwest China,2020,30.1,43.28888575824803,24.656373288226703,61.921398228269354,24.656373288226703,61.921398228269354
A_leave_region_Southwest China,Chongqing,Southwest China,2021,30.9,43.28888575824803,24.656373288226703,61.921398228269354,24.656373288226703,61.921398228269354
A_leave_region_Southwest China,Chongqing,Southwest China,2022,31.0,43.28888575824803,24.656373288226703,61.921398228269354,24.656373288226703,61.921398228269354
A_leave_region_Southwest China,Chongqing,Southwest China,2023,33.9,43.28888575824803,24.656373288226703,61.921398228269354,24.656373288226703,61.921398228269354
A_leave_region_Southwest China,Chongqing,Southwest China,2024,31.3,43.28888575824803,24.656373288226703,61.921398228269354,24.656373288226703,61.921398228269354
A_leave_region_Southwest China,Guizhou,Southwest China,1998,23.8,41.01461134956597,22.55669038968452,59.472532309447416,22.55669038968452,59.472532309447416
A_leave_region_Southwest China,Guizhou,Southwest China,1999,25.0,41.01461134956597,22.55669038968452,59.472532309447416,22.55669038968452,59.472532309447416
A_leave_region_Southwest China,Guizhou,Southwest China,2000,25.8,41.01461134956597,22.55669038968452,59.472532309447416,22.55669038968452,59.472532309447416
A_leave_region_Southwest China,Guizhou,Southwest China,2001,26.6,41.01461134956597,22.55669038968452,59.472532309447416,22.55669038968452,59.472532309447416
A_leave_region_Southwest China,Guizhou,Southwest China,2002,29.1,41.01461134956597,22.55669038968452,59.472532309447416,22.55669038968452,59.472532309447416
A_leave_region_Southwest China,Guizhou,Southwest China,2003,30.1,41.01461134956597,22.55669038968452,59.472532309447416,22.55669038968452,59.472532309447416
A_leave_region_Southwest China,Guizhou,Southwest China,2004,32.6,41.01461134956597,22.55669038968452,59.472532309447416,22.55669038968452,59.472532309447416
A_leave_region_Southwest China,Guizhou,Southwest China,2005,34.7,41.01461134956597,22.55669038968452,59.472532309447416,22.55669038968452,59.472532309447416
A_leave_region_Southwest China,Guizhou,Southwest China,2006,36.7,41.01461134956597,22.55669038968452,59.472532309447416,22.55669038968452,59.472532309447416
A_leave_region_Southwest China,Guizhou,Southwest China,2007,36.7,41.01461134956597,22.55669038968452,59.472532309447416,22.55669038968452,59.472532309447416
A_leave_region_Southwest China,Guizhou,Southwest China,2008,38.2,41.01461134956597,22.55669038968452,59.472532309447416,22.55669038968452,59.472532309447416
A_leave_region_Southwest China,Guizhou,Southwest China,2009,33.7,41.01461134956597,22.55669038968452,59.472532309447416,22.55669038968452,59.472532309447416
A_leave_region_Southwest China,Guizhou,Southwest China,2010,34.0,41.01461134956597,22.55669038968452,59.472532309447416,22.55669038968452,59.472532309447416
A_leave_region_Southwest China,Guizhou,Southwest China,2011,36.0,41.01461134956597,22.55669038968452,59.472532309447416,22.55669038968452,59.472532309447416
A_leave_region_Southwest China,Guizhou,Southwest China,2012,37.8,41.01461134956597,22.55669038968452,59.472532309447416,22.55669038968452,59.472532309447416
A_leave_region_Southwest China,Guizhou,Southwest China,2013,34.4,41.01461134956597,22.55669038968452,59.472532309447416,22.55669038968452,59.472532309447416
A_leave_region_Southwest China,Guizhou,Southwest China,2014,39.3,41.01461134956597,22.55669038968452,59.472532309447416,22.55669038968452,59.472532309447416
A_leave_region_Southwest China,Guizhou,Southwest China,2015,34.8,41.01461134956597,22.55669038968452,59.472532309447416,22.55669038968452,59.472532309447416
A_leave_region_Southwest China,Guizhou,Southwest China,2016,32.7,41.01461134956597,22.55669038968452,59.472532309447416,22.55669038968452,59.472532309447416
A_leave_region_Southwest China,Guizhou,Southwest China,2017,31.3,41.01461134956597,22.55669038968452,59.472532309447416,22.55669038968452,59.472532309447416
A_leave_region_Southwest China,Guizhou,Southwest China,2018,28.8,41.01461134956597,22.55669038968452,59.472532309447416,22.55669038968452,59.472532309447416
A_leave_region_Southwest China,Guizhou,Southwest China,2019,27.5,41.01461134956597,22.55669038968452,59.472532309447416,22.55669038968452,59.472532309447416
A_leave_region_Southwest China,Guizhou,Southwest China,2020,23.9,41.01461134956597,22.55669038968452,59.472532309447416,22.55669038968452,59.472532309447416
A_leave_region_Southwest China,Guizhou,Southwest China,2021,25.1,41.01461134956597,22.55669038968452,59.472532309447416,22.55669038968452,59.472532309447416
A_leave_region_Southwest China,Guizhou,Southwest China,2022,24.0,41.01461134956597,22.55669038968452,59.472532309447416,22.55669038968452,59.472532309447416
A_leave_region_Southwest China,Guizhou,Southwest China,2023,24.8,41.01461134956597,22.55669038968452,59.472532309447416,22.55669038968452,59.472532309447416
A_leave_region_Southwest China,Guizhou,Southwest China,2024,23.1,41.01461134956597,22.55669038968452,59.472532309447416,22.55669038968452,59.472532309447416
A_leave_region_Southwest China,Sichuan,Southwest China,1998,32.7,40.351406847801655,20.898846014334737,59.803967681268574,20.898846014334737,59.803967681268574
A_leave_region_Southwest China,Sichuan,Southwest China,1999,32.2,40.351406847801655,20.898846014334737,59.803967681268574,20.898846014334737,59.803967681268574
A_leave_region_Southwest China,Sichuan,Southwest China,2000,35.8,40.351406847801655,20.898846014334737,59.803967681268574,20.898846014334737,59.803967681268574
A_leave_region_Southwest China,Sichuan,Southwest China,2001,36.8,40.351406847801655,20.898846014334737,59.803967681268574,20.898846014334737,59.803967681268574
A_leave_region_Southwest China,Sichuan,Southwest China,2002,40.7,40.351406847801655,20.898846014334737,59.803967681268574,20.898846014334737,59.803967681268574
A_leave_region_Southwest China,Sichuan,Southwest China,2003,43.3,40.351406847801655,20.898846014334737,59.803967681268574,20.898846014334737,59.803967681268574
A_leave_region_Southwest China,Sichuan,Southwest China,2004,44.4,40.351406847801655,20.898846014334737,59.803967681268574,20.898846014334737,59.803967681268574
A_leave_region_Southwest China,Sichuan,Southwest China,2005,47.3,40.351406847801655,20.898846014334737,59.803967681268574,20.898846014334737,59.803967681268574
A_leave_region_Southwest China,Sichuan,Southwest China,2006,52.1,40.351406847801655,20.898846014334737,59.803967681268574,20.898846014334737,59.803967681268574
A_leave_region_Southwest China,Sichuan,Southwest China,2007,47.3,40.351406847801655,20.898846014334737,59.803967681268574,20.898846014334737,59.803967681268574
A_leave_region_Southwest China,Sichuan,Southwest China,2008,51.1,40.351406847801655,20.898846014334737,59.803967681268574,20.898846014334737,59.803967681268574
A_leave_region_Southwest China,Sichuan,Southwest China,2009,49.1,40.351406847801655,20.898846014334737,59.803967681268574,20.898846014334737,59.803967681268574
A_leave_region_Southwest China,Sichuan,Southwest China,2010,54.2,40.351406847801655,20.898846014334737,59.803967681268574,20.898846014334737,59.803967681268574
A_leave_region_Southwest China,Sichuan,Southwest China,2011,51.6,40.351406847801655,20.898846014334737,59.803967681268574,20.898846014334737,59.803967681268574
A_leave_region_Southwest China,Sichuan,Southwest China,2012,48.3,40.351406847801655,20.898846014334737,59.803967681268574,20.898846014334737,59.803967681268574
A_leave_region_Southwest China,Sichuan,Southwest China,2013,53.6,40.351406847801655,20.898846014334737,59.803967681268574,20.898846014334737,59.803967681268574
A_leave_region_Southwest China,Sichuan,Southwest China,2014,47.7,40.351406847801655,20.898846014334737,59.803967681268574,20.898846014334737,59.803967681268574
A_leave_region_Southwest China,Sichuan,Southwest China,2015,45.5,40.351406847801655,20.898846014334737,59.803967681268574,20.898846014334737,59.803967681268574
A_leave_region_Southwest China,Sichuan,Southwest China,2016,44.0,40.351406847801655,20.898846014334737,59.803967681268574,20.898846014334737,59.803967681268574
A_leave_region_Southwest China,Sichuan,Southwest China,2017,40.9,40.351406847801655,20.898846014334737,59.803967681268574,20.898846014334737,59.803967681268574
A_leave_region_Southwest China,Sichuan,Southwest China,2018,36.2,40.351406847801655,20.898846014334737,59.803967681268574,20.898846014334737,59.803967681268574
A_leave_region_Southwest China,Sichuan,Southwest China,2019,34.0,40.351406847801655,20.898846014334737,59.803967681268574,20.898846014334737,59.803967681268574
A_leave_region_Southwest China,Sichuan,Southwest China,2020,30.4,40.351406847801655,20.898846014334737,59.803967681268574,20.898846014334737,59.803967681268574
A_leave_region_Southwest China,Sichuan,Southwest China,2021,31.6,40.351406847801655,20.898846014334737,59.803967681268574,20.898846014334737,59.803967681268574
A_leave_region_Southwest China,Sichuan,Southwest China,2022,32.9,40.351406847801655,20.898846014334737,59.803967681268574,20.898846014334737,59.803967681268574
A_leave_region_Southwest China,Sichuan,Southwest China,2023,34.5,40.351406847801655,20.898846014334737,59.803967681268574,20.898846014334737,59.803967681268574
A_leave_region_Southwest China,Sichuan,Southwest China,2024,31.1,40.351406847801655,20.898846014334737,59.803967681268574,20.898846014334737,59.803967681268574
A_leave_region_Southwest China,Xizang,Southwest China,1998,7.5,33.328603300640324,7.8255425879185125,58.831664013362136,7.8255425879185125,58.831664013362136
A_leave_region_Southwest China,Xizang,Southwest China,1999,9.5,33.328603300640324,7.8255425879185125,58.831664013362136,7.8255425879185125,58.831664013362136
A_leave_region_Southwest China,Xizang,Southwest China,2000,10.1,33.328603300640324,7.8255425879185125,58.831664013362136,7.8255425879185125,58.831664013362136
A_leave_region_Southwest China,Xizang,Southwest China,2001,10.7,33.328603300640324,7.8255425879185125,58.831664013362136,7.8255425879185125,58.831664013362136
A_leave_region_Southwest China,Xizang,Southwest China,2002,10.3,33.328603300640324,7.8255425879185125,58.831664013362136,7.8255425879185125,58.831664013362136
A_leave_region_Southwest China,Xizang,Southwest China,2003,10.1,33.328603300640324,7.8255425879185125,58.831664013362136,7.8255425879185125,58.831664013362136
A_leave_region_Southwest China,Xizang,Southwest China,2004,10.5,33.328603300640324,7.8255425879185125,58.831664013362136,7.8255425879185125,58.831664013362136
A_leave_region_Southwest China,Xizang,Southwest China,2005,10.7,33.328603300640324,7.8255425879185125,58.831664013362136,7.8255425879185125,58.831664013362136
A_leave_region_Southwest China,Xizang,Southwest China,2006,10.4,33.328603300640324,7.8255425879185125,58.831664013362136,7.8255425879185125,58.831664013362136
A_leave_region_Southwest China,Xizang,Southwest China,2007,10.5,33.328603300640324,7.8255425879185125,58.831664013362136,7.8255425879185125,58.831664013362136
A_leave_region_Southwest China,Xizang,Southwest China,2008,11.3,33.328603300640324,7.8255425879185125,58.831664013362136,7.8255425879185125,58.831664013362136
A_leave_region_Southwest China,Xizang,Southwest China,2009,11.0,33.328603300640324,7.8255425879185125,58.831664013362136,7.8255425879185125,58.831664013362136
A_leave_region_Southwest China,Xizang,Southwest China,2010,11.0,33.328603300640324,7.8255425879185125,58.831664013362136,7.8255425879185125,58.831664013362136
A_leave_region_Southwest China,Xizang,Southwest China,2011,10.6,33.328603300640324,7.8255425879185125,58.831664013362136,7.8255425879185125,58.831664013362136
A_leave_region_Southwest China,Xizang,Southwest China,2012,12.9,33.328603300640324,7.8255425879185125,58.831664013362136,7.8255425879185125,58.831664013362136
A_leave_region_Southwest China,Xizang,Southwest China,2013,11.8,33.328603300640324,7.8255425879185125,58.831664013362136,7.8255425879185125,58.831664013362136
A_leave_region_Southwest China,Xizang,Southwest China,2014,13.6,33.328603300640324,7.8255425879185125,58.831664013362136,7.8255425879185125,58.831664013362136
A_leave_region_Southwest China,Xizang,Southwest China,2015,15.9,33.328603300640324,7.8255425879185125,58.831664013362136,7.8255425879185125,58.831664013362136
A_leave_region_Southwest China,Xizang,Southwest China,2016,15.5,33.328603300640324,7.8255425879185125,58.831664013362136,7.8255425879185125,58.831664013362136
A_leave_region_Southwest China,Xizang,Southwest China,2017,11.9,33.328603300640324,7.8255425879185125,58.831664013362136,7.8255425879185125,58.831664013362136
A_leave_region_Southwest China,Xizang,Southwest China,2018,12.3,33.328603300640324,7.8255425879185125,58.831664013362136,7.8255425879185125,58.831664013362136
A_leave_region_Southwest China,Xizang,Southwest China,2019,9.1,33.328603300640324,7.8255425879185125,58.831664013362136,7.8255425879185125,58.831664013362136
A_leave_region_Southwest China,Xizang,Southwest China,2020,9.4,33.328603300640324,7.8255425879185125,58.831664013362136,7.8255425879185125,58.831664013362136
A_leave_region_Southwest China,Xizang,Southwest China,2021,10.7,33.328603300640324,7.8255425879185125,58.831664013362136,7.8255425879185125,58.831664013362136
A_leave_region_Southwest China,Xizang,Southwest China,2022,9.8,33.328603300640324,7.8255425879185125,58.831664013362136,7.8255425879185125,58.831664013362136
A_leave_region_Southwest China,Xizang,Southwest China,2023,10.7,33.328603300640324,7.8255425879185125,58.831664013362136,7.8255425879185125,58.831664013362136
A_leave_region_Southwest China,Xizang,Southwest China,2024,10.8,33.328603300640324,7.8255425879185125,58.831664013362136,7.8255425879185125,58.831664013362136
A_leave_region_Southwest China,Yunnan,Southwest China,1998,18.6,36.42474039912531,16.295764034774685,56.55371676347594,16.295764034774685,56.55371676347594
A_leave_region_Southwest China,Yunnan,Southwest China,1999,20.0,36.42474039912531,16.295764034774685,56.55371676347594,16.295764034774685,56.55371676347594
A_leave_region_Southwest China,Yunnan,Southwest China,2000,21.3,36.42474039912531,16.295764034774685,56.55371676347594,16.295764034774685,56.55371676347594
A_leave_region_Southwest China,Yunnan,Southwest China,2001,21.3,36.42474039912531,16.295764034774685,56.55371676347594,16.295764034774685,56.55371676347594
A_leave_region_Southwest China,Yunnan,Southwest China,2002,23.2,36.42474039912531,16.295764034774685,56.55371676347594,16.295764034774685,56.55371676347594
A_leave_region_Southwest China,Yunnan,Southwest China,2003,23.1,36.42474039912531,16.295764034774685,56.55371676347594,16.295764034774685,56.55371676347594
A_leave_region_Southwest China,Yunnan,Southwest China,2004,25.9,36.42474039912531,16.295764034774685,56.55371676347594,16.295764034774685,56.55371676347594
A_leave_region_Southwest China,Yunnan,Southwest China,2005,25.4,36.42474039912531,16.295764034774685,56.55371676347594,16.295764034774685,56.55371676347594
A_leave_region_Southwest China,Yunnan,Southwest China,2006,27.1,36.42474039912531,16.295764034774685,56.55371676347594,16.295764034774685,56.55371676347594
A_leave_region_Southwest China,Yunnan,Southwest China,2007,27.3,36.42474039912531,16.295764034774685,56.55371676347594,16.295764034774685,56.55371676347594
A_leave_region_Southwest China,Yunnan,Southwest China,2008,26.7,36.42474039912531,16.295764034774685,56.55371676347594,16.295764034774685,56.55371676347594
A_leave_region_Southwest China,Yunnan,Southwest China,2009,26.5,36.42474039912531,16.295764034774685,56.55371676347594,16.295764034774685,56.55371676347594
A_leave_region_Southwest China,Yunnan,Southwest China,2010,25.6,36.42474039912531,16.295764034774685,56.55371676347594,16.295764034774685,56.55371676347594
A_leave_region_Southwest China,Yunnan,Southwest China,2011,27.3,36.42474039912531,16.295764034774685,56.55371676347594,16.295764034774685,56.55371676347594
A_leave_region_Southwest China,Yunnan,Southwest China,2012,28.7,36.42474039912531,16.295764034774685,56.55371676347594,16.295764034774685,56.55371676347594
A_leave_region_Southwest China,Yunnan,Southwest China,2013,27.3,36.42474039912531,16.295764034774685,56.55371676347594,16.295764034774685,56.55371676347594
A_leave_region_Southwest China,Yunnan,Southwest China,2014,28.5,36.42474039912531,16.295764034774685,56.55371676347594,16.295764034774685,56.55371676347594
A_leave_region_Southwest China,Yunnan,Southwest China,2015,27.1,36.42474039912531,16.295764034774685,56.55371676347594,16.295764034774685,56.55371676347594
A_leave_region_Southwest China,Yunnan,Southwest China,2016,27.1,36.42474039912531,16.295764034774685,56.55371676347594,16.295764034774685,56.55371676347594
A_leave_region_Southwest China,Yunnan,Southwest China,2017,25.3,36.42474039912531,16.295764034774685,56.55371676347594,16.295764034774685,56.55371676347594
A_leave_region_Southwest China,Yunnan,Southwest China,2018,24.0,36.42474039912531,16.295764034774685,56.55371676347594,16.295764034774685,56.55371676347594
A_leave_region_Southwest China,Yunnan,Southwest China,2019,24.2,36.42474039912531,16.295764034774685,56.55371676347594,16.295764034774685,56.55371676347594
A_leave_region_Southwest China,Yunnan,Southwest China,2020,22.4,36.42474039912531,16.295764034774685,56.55371676347594,16.295764034774685,56.55371676347594
A_leave_region_Southwest China,Yunnan,Southwest China,2021,24.0,36.42474039912531,16.295764034774685,56.55371676347594,16.295764034774685,56.55371676347594
A_leave_region_Southwest China,Yunnan,Southwest China,2022,21.5,36.42474039912531,16.295764034774685,56.55371676347594,16.295764034774685,56.55371676347594
A_leave_region_Southwest China,Yunnan,Southwest China,2023,22.8,36.42474039912531,16.295764034774685,56.55371676347594,16.295764034774685,56.55371676347594
A_leave_region_Southwest China,Yunnan,Southwest China,2024,21.3,36.42474039912531,16.295764034774685,56.55371676347594,16.295764034774685,56.55371676347594
A_leave_region_Northwest China,Gansu,Northwest China,1998,19.8,35.70912570702703,14.184252162660602,57.233999251393456,14.184252162660602,57.233999251393456
A_leave_region_Northwest China,Gansu,Northwest China,1999,19.9,35.70912570702703,14.184252162660602,57.233999251393456,14.184252162660602,57.233999251393456
A_leave_region_Northwest China,Gansu,Northwest China,2000,26.8,35.70912570702703,14.184252162660602,57.233999251393456,14.184252162660602,57.233999251393456
A_leave_region_Northwest China,Gansu,Northwest China,2001,30.0,35.70912570702703,14.184252162660602,57.233999251393456,14.184252162660602,57.233999251393456
A_leave_region_Northwest China,Gansu,Northwest China,2002,28.5,35.70912570702703,14.184252162660602,57.233999251393456,14.184252162660602,57.233999251393456
A_leave_region_Northwest China,Gansu,Northwest China,2003,29.8,35.70912570702703,14.184252162660602,57.233999251393456,14.184252162660602,57.233999251393456
A_leave_region_Northwest China,Gansu,Northwest China,2004,28.2,35.70912570702703,14.184252162660602,57.233999251393456,14.184252162660602,57.233999251393456
A_leave_region_Northwest China,Gansu,Northwest China,2005,32.1,35.70912570702703,14.184252162660602,57.233999251393456,14.184252162660602,57.233999251393456
A_leave_region_Northwest China,Gansu,Northwest China,2006,34.0,35.70912570702703,14.184252162660602,57.233999251393456,14.184252162660602,57.233999251393456
A_leave_region_Northwest China,Gansu,Northwest China,2007,33.1,35.70912570702703,14.184252162660602,57.233999251393456,14.184252162660602,57.233999251393456
A_leave_region_Northwest China,Gansu,Northwest China,2008,32.3,35.70912570702703,14.184252162660602,57.233999251393456,14.184252162660602,57.233999251393456
A_leave_region_Northwest China,Gansu,Northwest China,2009,32.1,35.70912570702703,14.184252162660602,57.233999251393456,14.184252162660602,57.233999251393456
A_leave_region_Northwest China,Gansu,Northwest China,2010,32.0,35.70912570702703,14.184252162660602,57.233999251393456,14.184252162660602,57.233999251393456
A_leave_region_Northwest China,Gansu,Northwest China,2011,37.7,35.70912570702703,14.184252162660602,57.233999251393456,14.184252162660602,57.233999251393456
A_leave_region_Northwest China,Gansu,Northwest China,2012,33.4,35.70912570702703,14.184252162660602,57.233999251393456,14.184252162660602,57.233999251393456
A_leave_region_Northwest China,Gansu,Northwest China,2013,32.1,35.70912570702703,14.184252162660602,57.233999251393456,14.184252162660602,57.233999251393456
A_leave_region_Northwest China,Gansu,Northwest China,2014,34.2,35.70912570702703,14.184252162660602,57.233999251393456,14.184252162660602,57.233999251393456
A_leave_region_Northwest China,Gansu,Northwest China,2015,34.2,35.70912570702703,14.184252162660602,57.233999251393456,14.184252162660602,57.233999251393456
A_leave_region_Northwest China,Gansu,Northwest China,2016,33.3,35.70912570702703,14.184252162660602,57.233999251393456,14.184252162660602,57.233999251393456
A_leave_region_Northwest China,Gansu,Northwest China,2017,31.7,35.70912570702703,14.184252162660602,57.233999251393456,14.184252162660602,57.233999251393456
A_leave_region_Northwest China,Gansu,Northwest China,2018,30.5,35.70912570702703,14.184252162660602,57.233999251393456,14.184252162660602,57.233999251393456
A_leave_region_Northwest China,Gansu,Northwest China,2019,25.5,35.70912570702703,14.184252162660602,57.233999251393456,14.184252162660602,57.233999251393456
A_leave_region_Northwest China,Gansu,Northwest China,2020,24.8,35.70912570702703,14.184252162660602,57.233999251393456,14.184252162660602,57.233999251393456
A_leave_region_Northwest China,Gansu,Northwest China,2021,25.0,35.70912570702703,14.184252162660602,57.233999251393456,14.184252162660602,57.233999251393456
A_leave_region_Northwest China,Gansu,Northwest China,2022,28.0,35.70912570702703,14.184252162660602,57.233999251393456,14.184252162660602,57.233999251393456
A_leave_region_Northwest China,Gansu,Northwest China,2023,29.6,35.70912570702703,14.184252162660602,57.233999251393456,14.184252162660602,57.233999251393456
A_leave_region_Northwest China,Gansu,Northwest China,2024,29.2,35.70912570702703,14.184252162660602,57.233999251393456,14.184252162660602,57.233999251393456
A_leave_region_Northwest China,Ningxia Hui,Northwest China,1998,23.9,32.45444531741445,11.82640543826816,53.08248519656073,11.82640543826816,53.08248519656073
A_leave_region_Northwest China,Ningxia Hui,Northwest China,1999,23.2,32.45444531741445,11.82640543826816,53.08248519656073,11.82640543826816,53.08248519656073
A_leave_region_Northwest China,Ningxia Hui,Northwest China,2000,29.1,32.45444531741445,11.82640543826816,53.08248519656073,11.82640543826816,53.08248519656073
A_leave_region_Northwest China,Ningxia Hui,Northwest China,2001,31.8,32.45444531741445,11.82640543826816,53.08248519656073,11.82640543826816,53.08248519656073
A_leave_region_Northwest China,Ningxia Hui,Northwest China,2002,29.6,32.45444531741445,11.82640543826816,53.08248519656073,11.82640543826816,53.08248519656073
A_leave_region_Northwest China,Ningxia Hui,Northwest China,2003,31.5,32.45444531741445,11.82640543826816,53.08248519656073,11.82640543826816,53.08248519656073
A_leave_region_Northwest China,Ningxia Hui,Northwest China,2004,29.4,32.45444531741445,11.82640543826816,53.08248519656073,11.82640543826816,53.08248519656073
A_leave_region_Northwest China,Ningxia Hui,Northwest China,2005,31.8,32.45444531741445,11.82640543826816,53.08248519656073,11.82640543826816,53.08248519656073
A_leave_region_Northwest China,Ningxia Hui,Northwest China,2006,37.0,32.45444531741445,11.82640543826816,53.08248519656073,11.82640543826816,53.08248519656073
A_leave_region_Northwest China,Ningxia Hui,Northwest China,2007,35.3,32.45444531741445,11.82640543826816,53.08248519656073,11.82640543826816,53.08248519656073
A_leave_region_Northwest China,Ningxia Hui,Northwest China,2008,33.7,32.45444531741445,11.82640543826816,53.08248519656073,11.82640543826816,53.08248519656073
A_leave_region_Northwest China,Ningxia Hui,Northwest China,2009,33.3,32.45444531741445,11.82640543826816,53.08248519656073,11.82640543826816,53.08248519656073
A_leave_region_Northwest China,Ningxia Hui,Northwest China,2010,34.3,32.45444531741445,11.82640543826816,53.08248519656073,11.82640543826816,53.08248519656073
A_leave_region_Northwest China,Ningxia Hui,Northwest China,2011,38.7,32.45444531741445,11.82640543826816,53.08248519656073,11.82640543826816,53.08248519656073
A_leave_region_Northwest China,Ningxia Hui,Northwest China,2012,37.6,32.45444531741445,11.82640543826816,53.08248519656073,11.82640543826816,53.08248519656073
A_leave_region_Northwest China,Ningxia Hui,Northwest China,2013,33.2,32.45444531741445,11.82640543826816,53.08248519656073,11.82640543826816,53.08248519656073
A_leave_region_Northwest China,Ningxia Hui,Northwest China,2014,36.2,32.45444531741445,11.82640543826816,53.08248519656073,11.82640543826816,53.08248519656073
A_leave_region_Northwest China,Ningxia Hui,Northwest China,2015,38.8,32.45444531741445,11.82640543826816,53.08248519656073,11.82640543826816,53.08248519656073
A_leave_region_Northwest China,Ningxia Hui,Northwest China,2016,36.9,32.45444531741445,11.82640543826816,53.08248519656073,11.82640543826816,53.08248519656073
A_leave_region_Northwest China,Ningxia Hui,Northwest China,2017,36.1,32.45444531741445,11.82640543826816,53.08248519656073,11.82640543826816,53.08248519656073
A_leave_region_Northwest China,Ningxia Hui,Northwest China,2018,33.6,32.45444531741445,11.82640543826816,53.08248519656073,11.82640543826816,53.08248519656073
A_leave_region_Northwest China,Ningxia Hui,Northwest China,2019,28.8,32.45444531741445,11.82640543826816,53.08248519656073,11.82640543826816,53.08248519656073
A_leave_region_Northwest China,Ningxia Hui,Northwest China,2020,31.4,32.45444531741445,11.82640543826816,53.08248519656073,11.82640543826816,53.08248519656073
A_leave_region_Northwest China,Ningxia Hui,Northwest China,2021,28.9,32.45444531741445,11.82640543826816,53.08248519656073,11.82640543826816,53.08248519656073
A_leave_region_Northwest China,Ningxia Hui,Northwest China,2022,35.0,32.45444531741445,11.82640543826816,53.08248519656073,11.82640543826816,53.08248519656073
A_leave_region_Northwest China,Ningxia Hui,Northwest China,2023,34.3,32.45444531741445,11.82640543826816,53.08248519656073,11.82640543826816,53.08248519656073
A_leave_region_Northwest China,Ningxia Hui,Northwest China,2024,34.0,32.45444531741445,11.82640543826816,53.08248519656073,11.82640543826816,53.08248519656073
A_leave_region_Northwest China,Qinghai,Northwest China,1998,17.5,31.115630247461553,8.439037151088254,53.79222334383485,8.439037151088254,53.79222334383485
A_leave_region_Northwest China,Qinghai,Northwest China,1999,18.0,31.115630247461553,8.439037151088254,53.79222334383485,8.439037151088254,53.79222334383485
A_leave_region_Northwest China,Qinghai,Northwest China,2000,25.4,31.115630247461553,8.439037151088254,53.79222334383485,8.439037151088254,53.79222334383485
A_leave_region_Northwest China,Qinghai,Northwest China,2001,27.9,31.115630247461553,8.439037151088254,53.79222334383485,8.439037151088254,53.79222334383485
A_leave_region_Northwest China,Qinghai,Northwest China,2002,26.9,31.115630247461553,8.439037151088254,53.79222334383485,8.439037151088254,53.79222334383485
A_leave_region_Northwest China,Qinghai,Northwest China,2003,28.3,31.115630247461553,8.439037151088254,53.79222334383485,8.439037151088254,53.79222334383485
A_leave_region_Northwest China,Qinghai,Northwest China,2004,27.3,31.115630247461553,8.439037151088254,53.79222334383485,8.439037151088254,53.79222334383485
A_leave_region_Northwest China,Qinghai,Northwest China,2005,29.1,31.115630247461553,8.439037151088254,53.79222334383485,8.439037151088254,53.79222334383485
A_leave_region_Northwest China,Qinghai,Northwest China,2006,30.0,31.115630247461553,8.439037151088254,53.79222334383485,8.439037151088254,53.79222334383485
A_leave_region_Northwest China,Qinghai,Northwest China,2007,31.3,31.115630247461553,8.439037151088254,53.79222334383485,8.439037151088254,53.79222334383485
A_leave_region_Northwest China,Qinghai,Northwest China,2008,31.2,31.115630247461553,8.439037151088254,53.79222334383485,8.439037151088254,53.79222334383485
A_leave_region_Northwest China,Qinghai,Northwest China,2009,30.3,31.115630247461553,8.439037151088254,53.79222334383485,8.439037151088254,53.79222334383485
A_leave_region_Northwest China,Qinghai,Northwest China,2010,29.7,31.115630247461553,8.439037151088254,53.79222334383485,8.439037151088254,53.79222334383485
A_leave_region_Northwest China,Qinghai,Northwest China,2011,33.6,31.115630247461553,8.439037151088254,53.79222334383485,8.439037151088254,53.79222334383485
A_leave_region_Northwest China,Qinghai,Northwest China,2012,30.3,31.115630247461553,8.439037151088254,53.79222334383485,8.439037151088254,53.79222334383485
A_leave_region_Northwest China,Qinghai,Northwest China,2013,30.3,31.115630247461553,8.439037151088254,53.79222334383485,8.439037151088254,53.79222334383485
A_leave_region_Northwest China,Qinghai,Northwest China,2014,33.8,31.115630247461553,8.439037151088254,53.79222334383485,8.439037151088254,53.79222334383485
A_leave_region_Northwest China,Qinghai,Northwest China,2015,36.0,31.115630247461553,8.439037151088254,53.79222334383485,8.439037151088254,53.79222334383485
A_leave_region_Northwest China,Qinghai,Northwest China,2016,33.2,31.115630247461553,8.439037151088254,53.79222334383485,8.439037151088254,53.79222334383485
A_leave_region_Northwest China,Qinghai,Northwest China,2017,28.2,31.115630247461553,8.439037151088254,53.79222334383485,8.439037151088254,53.79222334383485
A_leave_region_Northwest China,Qinghai,Northwest China,2018,28.2,31.115630247461553,8.439037151088254,53.79222334383485,8.439037151088254,53.79222334383485
A_leave_region_Northwest China,Qinghai,Northwest China,2019,22.4,31.115630247461553,8.439037151088254,53.79222334383485,8.439037151088254,53.79222334383485
A_leave_region_Northwest China,Qinghai,Northwest China,2020,22.2,31.115630247461553,8.439037151088254,53.79222334383485,8.439037151088254,53.79222334383485
A_leave_region_Northwest China,Qinghai,Northwest China,2021,23.4,31.115630247461553,8.439037151088254,53.79222334383485,8.439037151088254,53.79222334383485
A_leave_region_Northwest China,Qinghai,Northwest China,2022,26.1,31.115630247461553,8.439037151088254,53.79222334383485,8.439037151088254,53.79222334383485
A_leave_region_Northwest China,Qinghai,Northwest China,2023,28.3,31.115630247461553,8.439037151088254,53.79222334383485,8.439037151088254,53.79222334383485
A_leave_region_Northwest China,Qinghai,Northwest China,2024,27.6,31.115630247461553,8.439037151088254,53.79222334383485,8.439037151088254,53.79222334383485
A_leave_region_Northwest China,Shaanxi,Northwest China,1998,27.3,50.058352874730005,31.47295738167128,68.64374836778873,31.47295738167128,68.64374836778873
A_leave_region_Northwest China,Shaanxi,Northwest China,1999,25.6,50.058352874730005,31.47295738167128,68.64374836778873,31.47295738167128,68.64374836778873
A_leave_region_Northwest China,Shaanxi,Northwest China,2000,33.7,50.058352874730005,31.47295738167128,68.64374836778873,31.47295738167128,68.64374836778873
A_leave_region_Northwest China,Shaanxi,Northwest China,2001,34.3,50.058352874730005,31.47295738167128,68.64374836778873,31.47295738167128,68.64374836778873
A_leave_region_Northwest China,Shaanxi,Northwest China,2002,35.4,50.058352874730005,31.47295738167128,68.64374836778873,31.47295738167128,68.64374836778873
A_leave_region_Northwest China,Shaanxi,Northwest China,2003,38.9,50.058352874730005,31.47295738167128,68.64374836778873,31.47295738167128,68.64374836778873
A_leave_region_Northwest China,Shaanxi,Northwest China,2004,37.7,50.058352874730005,31.47295738167128,68.64374836778873,31.47295738167128,68.64374836778873
A_leave_region_Northwest China,Shaanxi,Northwest China,2005,48.9,50.058352874730005,31.47295738167128,68.64374836778873,31.47295738167128,68.64374836778873
A_leave_region_Northwest China,Shaanxi,Northwest China,2006,49.8,50.058352874730005,31.47295738167128,68.64374836778873,31.47295738167128,68.64374836778873
A_leave_region_Northwest China,Shaanxi,Northwest China,2007,49.6,50.058352874730005,31.47295738167128,68.64374836778873,31.47295738167128,68.64374836778873
A_leave_region_Northwest China,Shaanxi,Northwest China,2008,44.6,50.058352874730005,31.47295738167128,68.64374836778873,31.47295738167128,68.64374836778873
A_leave_region_Northwest China,Shaanxi,Northwest China,2009,46.8,50.058352874730005,31.47295738167128,68.64374836778873,31.47295738167128,68.64374836778873
A_leave_region_Northwest China,Shaanxi,Northwest China,2010,49.8,50.058352874730005,31.47295738167128,68.64374836778873,31.47295738167128,68.64374836778873
A_leave_region_Northwest China,Shaanxi,Northwest China,2011,58.5,50.058352874730005,31.47295738167128,68.64374836778873,31.47295738167128,68.64374836778873
A_leave_region_Northwest China,Shaanxi,Northwest China,2012,55.5,50.058352874730005,31.47295738167128,68.64374836778873,31.47295738167128,68.64374836778873
A_leave_region_Northwest China,Shaanxi,Northwest China,2013,51.2,50.058352874730005,31.47295738167128,68.64374836778873,31.47295738167128,68.64374836778873
A_leave_region_Northwest China,Shaanxi,Northwest China,2014,50.3,50.058352874730005,31.47295738167128,68.64374836778873,31.47295738167128,68.64374836778873
A_leave_region_Northwest China,Shaanxi,Northwest China,2015,49.0,50.058352874730005,31.47295738167128,68.64374836778873,31.47295738167128,68.64374836778873
A_leave_region_Northwest China,Shaanxi,Northwest China,2016,49.9,50.058352874730005,31.47295738167128,68.64374836778873,31.47295738167128,68.64374836778873
A_leave_region_Northwest China,Shaanxi,Northwest China,2017,50.8,50.058352874730005,31.47295738167128,68.64374836778873,31.47295738167128,68.64374836778873
A_leave_region_Northwest China,Shaanxi,Northwest China,2018,44.0,50.058352874730005,31.47295738167128,68.64374836778873,31.47295738167128,68.64374836778873
A_leave_region_Northwest China,Shaanxi,Northwest China,2019,44.0,50.058352874730005,31.47295738167128,68.64374836778873,31.47295738167128,68.64374836778873
A_leave_region_Northwest China,Shaanxi,Northwest China,2020,39.3,50.058352874730005,31.47295738167128,68.64374836778873,31.47295738167128,68.64374836778873
A_leave_region_Northwest China,Shaanxi,Northwest China,2021,34.8,50.058352874730005,31.47295738167128,68.64374836778873,31.47295738167128,68.64374836778873
A_leave_region_Northwest China,Shaanxi,Northwest China,2022,39.4,50.058352874730005,31.47295738167128,68.64374836778873,31.47295738167128,68.64374836778873
A_leave_region_Northwest China,Shaanxi,Northwest China,2023,38.4,50.058352874730005,31.47295738167128,68.64374836778873,31.47295738167128,68.64374836778873
A_leave_region_Northwest China,Shaanxi,Northwest China,2024,36.8,50.058352874730005,31.47295738167128,68.64374836778873,31.47295738167128,68.64374836778873
A_leave_region_Northwest China,Xinjiang Uygur,Northwest China,1998,33.1,12.784017354332342,-19.00664528487543,44.574679993540116,-19.00664528487543,44.574679993540116
A_leave_region_Northwest China,Xinjiang Uygur,Northwest China,1999,31.4,12.784017354332342,-19.00664528487543,44.574679993540116,-19.00664528487543,44.574679993540116
A_leave_region_Northwest China,Xinjiang Uygur,Northwest China,2000,36.3,12.784017354332342,-19.00664528487543,44.574679993540116,-19.00664528487543,44.574679993540116
A_leave_region_Northwest China,Xinjiang Uygur,Northwest China,2001,38.6,12.784017354332342,-19.00664528487543,44.574679993540116,-19.00664528487543,44.574679993540116
A_leave_region_Northwest China,Xinjiang Uygur,Northwest China,2002,39.9,12.784017354332342,-19.00664528487543,44.574679993540116,-19.00664528487543,44.574679993540116
A_leave_region_Northwest China,Xinjiang Uygur,Northwest China,2003,36.9,12.784017354332342,-19.00664528487543,44.574679993540116,-19.00664528487543,44.574679993540116
A_leave_region_Northwest China,Xinjiang Uygur,Northwest China,2004,37.5,12.784017354332342,-19.00664528487543,44.574679993540116,-19.00664528487543,44.574679993540116
A_leave_region_Northwest China,Xinjiang Uygur,Northwest China,2005,35.6,12.784017354332342,-19.00664528487543,44.574679993540116,-19.00664528487543,44.574679993540116
A_leave_region_Northwest China,Xinjiang Uygur,Northwest China,2006,45.0,12.784017354332342,-19.00664528487543,44.574679993540116,-19.00664528487543,44.574679993540116
A_leave_region_Northwest China,Xinjiang Uygur,Northwest China,2007,42.0,12.784017354332342,-19.00664528487543,44.574679993540116,-19.00664528487543,44.574679993540116
A_leave_region_Northwest China,Xinjiang Uygur,Northwest China,2008,44.7,12.784017354332342,-19.00664528487543,44.574679993540116,-19.00664528487543,44.574679993540116
A_leave_region_Northwest China,Xinjiang Uygur,Northwest China,2009,41.4,12.784017354332342,-19.00664528487543,44.574679993540116,-19.00664528487543,44.574679993540116
A_leave_region_Northwest China,Xinjiang Uygur,Northwest China,2010,44.4,12.784017354332342,-19.00664528487543,44.574679993540116,-19.00664528487543,44.574679993540116
A_leave_region_Northwest China,Xinjiang Uygur,Northwest China,2011,43.8,12.784017354332342,-19.00664528487543,44.574679993540116,-19.00664528487543,44.574679993540116
A_leave_region_Northwest China,Xinjiang Uygur,Northwest China,2012,46.5,12.784017354332342,-19.00664528487543,44.574679993540116,-19.00664528487543,44.574679993540116
A_leave_region_Northwest China,Xinjiang Uygur,Northwest China,2013,45.2,12.784017354332342,-19.00664528487543,44.574679993540116,-19.00664528487543,44.574679993540116
A_leave_region_Northwest China,Xinjiang Uygur,Northwest China,2014,46.7,12.784017354332342,-19.00664528487543,44.574679993540116,-19.00664528487543,44.574679993540116
A_leave_region_Northwest China,Xinjiang Uygur,Northwest China,2015,51.1,12.784017354332342,-19.00664528487543,44.574679993540116,-19.00664528487543,44.574679993540116
A_leave_region_Northwest China,Xinjiang Uygur,Northwest China,2016,57.2,12.784017354332342,-19.00664528487543,44.574679993540116,-19.00664528487543,44.574679993540116
A_leave_region_Northwest China,Xinjiang Uygur,Northwest China,2017,47.5,12.784017354332342,-19.00664528487543,44.574679993540116,-19.00664528487543,44.574679993540116
A_leave_region_Northwest China,Xinjiang Uygur,Northwest China,2018,47.5,12.784017354332342,-19.00664528487543,44.574679993540116,-19.00664528487543,44.574679993540116
A_leave_region_Northwest China,Xinjiang Uygur,Northwest China,2019,47.1,12.784017354332342,-19.00664528487543,44.574679993540116,-19.00664528487543,44.574679993540116
A_leave_region_Northwest China,Xinjiang Uygur,Northwest China,2020,50.2,12.784017354332342,-19.00664528487543,44.574679993540116,-19.00664528487543,44.574679993540116
A_leave_region_Northwest China,Xinjiang Uygur,Northwest China,2021,44.2,12.784017354332342,-19.00664528487543,44.574679993540116,-19.00664528487543,44.574679993540116
A_leave_region_Northwest China,Xinjiang Uygur,Northwest China,2022,53.6,12.784017354332342,-19.00664528487543,44.574679993540116,-19.00664528487543,44.574679993540116
A_leave_region_Northwest China,Xinjiang Uygur,Northwest China,2023,47.5,12.784017354332342,-19.00664528487543,44.574679993540116,-19.00664528487543,44.574679993540116
A_leave_region_Northwest China,Xinjiang Uygur,Northwest China,2024,44.5,12.784017354332342,-19.00664528487543,44.574679993540116,-19.00664528487543,44.574679993540116
A2_leave_region_recent_North China,Beijing,North China,2020,41.5,45.10482048471982,27.9209447507001,62.288696218739545,27.9209447507001,62.288696218739545
A2_leave_region_recent_North China,Beijing,North China,2021,39.7,45.10482048471982,27.9209447507001,62.288696218739545,27.9209447507001,62.288696218739545
A2_leave_region_recent_North China,Beijing,North China,2022,41.2,45.10482048471982,27.9209447507001,62.288696218739545,27.9209447507001,62.288696218739545
A2_leave_region_recent_North China,Beijing,North China,2023,45.6,45.10482048471982,27.9209447507001,62.288696218739545,27.9209447507001,62.288696218739545
A2_leave_region_recent_North China,Beijing,North China,2024,42.7,45.10482048471982,27.9209447507001,62.288696218739545,27.9209447507001,62.288696218739545
A2_leave_region_recent_North China,Hebei,North China,2020,47.7,49.325778509455915,33.387946531908604,65.26361048700323,33.387946531908604,65.26361048700323
A2_leave_region_recent_North China,Hebei,North China,2021,42.4,49.325778509455915,33.387946531908604,65.26361048700323,33.387946531908604,65.26361048700323
A2_leave_region_recent_North China,Hebei,North China,2022,42.2,49.325778509455915,33.387946531908604,65.26361048700323,33.387946531908604,65.26361048700323
A2_leave_region_recent_North China,Hebei,North China,2023,43.8,49.325778509455915,33.387946531908604,65.26361048700323,33.387946531908604,65.26361048700323
A2_leave_region_recent_North China,Hebei,North China,2024,42.6,49.325778509455915,33.387946531908604,65.26361048700323,33.387946531908604,65.26361048700323
A2_leave_region_recent_North China,Nei Mongol,North China,2020,25.1,40.6071330528909,22.424795948658115,58.78947015712369,22.424795948658115,58.78947015712369
A2_leave_region_recent_North China,Nei Mongol,North China,2021,24.5,40.6071330528909,22.424795948658115,58.78947015712369,22.424795948658115,58.78947015712369
A2_leave_region_recent_North China,Nei Mongol,North China,2022,22.9,40.6071330528909,22.424795948658115,58.78947015712369,22.424795948658115,58.78947015712369
A2_leave_region_recent_North China,Nei Mongol,North China,2023,26.8,40.6071330528909,22.424795948658115,58.78947015712369,22.424795948658115,58.78947015712369
A2_leave_region_recent_North China,Nei Mongol,North China,2024,26.3,40.6071330528909,22.424795948658115,58.78947015712369,22.424795948658115,58.78947015712369
A2_leave_region_recent_North China,Shanxi,North China,2020,40.1,47.50711289702605,31.322324453243564,63.69190134080853,31.322324453243564,63.69190134080853
A2_leave_region_recent_North China,Shanxi,North China,2021,37.1,47.50711289702605,31.322324453243564,63.69190134080853,31.322324453243564,63.69190134080853
A2_leave_region_recent_North China,Shanxi,North China,2022,38.8,47.50711289702605,31.322324453243564,63.69190134080853,31.322324453243564,63.69190134080853
A2_leave_region_recent_North China,Shanxi,North China,2023,38.8,47.50711289702605,31.322324453243564,63.69190134080853,31.322324453243564,63.69190134080853
A2_leave_region_recent_North China,Shanxi,North China,2024,38.0,47.50711289702605,31.322324453243564,63.69190134080853,31.322324453243564,63.69190134080853
A2_leave_region_recent_North China,Tianjin,North China,2020,53.1,46.44153854387332,29.806193577472683,63.07688351027396,29.806193577472683,63.07688351027396
A2_leave_region_recent_North China,Tianjin,North China,2021,46.7,46.44153854387332,29.806193577472683,63.07688351027396,29.806193577472683,63.07688351027396
A2_leave_region_recent_North China,Tianjin,North China,2022,48.2,46.44153854387332,29.806193577472683,63.07688351027396,29.806193577472683,63.07688351027396
A2_leave_region_recent_North China,Tianjin,North China,2023,51.0,46.44153854387332,29.806193577472683,63.07688351027396,29.806193577472683,63.07688351027396
A2_leave_region_recent_North China,Tianjin,North China,2024,49.1,46.44153854387332,29.806193577472683,63.07688351027396,29.806193577472683,63.07688351027396
A2_leave_region_recent_Northeast China,Heilongjiang,Northeast China,2020,27.1,41.418193941728475,11.648829181881524,71.18755870157543,11.648829181881524,71.18755870157543
A2_leave_region_recent_Northeast China,Heilongjiang,Northeast China,2021,24.8,41.418193941728475,11.648829181881524,71.18755870157543,11.648829181881524,71.18755870157543
A2_leave_region_recent_Northeast China,Heilongjiang,Northeast China,2022,25.0,41.418193941728475,11.648829181881524,71.18755870157543,11.648829181881524,71.18755870157543
A2_leave_region_recent_Northeast China,Heilongjiang,Northeast China,2023,27.7,41.418193941728475,11.648829181881524,71.18755870157543,11.648829181881524,71.18755870157543
A2_leave_region_recent_Northeast China,Heilongjiang,Northeast China,2024,34.2,41.418193941728475,11.648829181881524,71.18755870157543,11.648829181881524,71.18755870157543
A2_leave_region_recent_Northeast China,Jilin,Northeast China,2020,33.5,44.292896127815595,17.125782100337585,71.4600101552936,17.125782100337585,71.4600101552936
A2_leave_region_recent_Northeast China,Jilin,Northeast China,2021,28.3,44.292896127815595,17.125782100337585,71.4600101552936,17.125782100337585,71.4600101552936
A2_leave_region_recent_Northeast China,Jilin,Northeast China,2022,26.4,44.292896127815595,17.125782100337585,71.4600101552936,17.125782100337585,71.4600101552936
A2_leave_region_recent_Northeast China,Jilin,Northeast China,2023,29.7,44.292896127815595,17.125782100337585,71.4600101552936,17.125782100337585,71.4600101552936
A2_leave_region_recent_Northeast China,Jilin,Northeast China,2024,32.2,44.292896127815595,17.125782100337585,71.4600101552936,17.125782100337585,71.4600101552936
A2_leave_region_recent_Northeast China,Liaoning,Northeast China,2020,36.3,48.27673674663987,24.580701785064587,71.97277170821515,24.580701785064587,71.97277170821515
A2_leave_region_recent_Northeast China,Liaoning,Northeast China,2021,32.7,48.27673674663987,24.580701785064587,71.97277170821515,24.580701785064587,71.97277170821515
A2_leave_region_recent_Northeast China,Liaoning,Northeast China,2022,31.0,48.27673674663987,24.580701785064587,71.97277170821515,24.580701785064587,71.97277170821515
A2_leave_region_recent_Northeast China,Liaoning,Northeast China,2023,34.3,48.27673674663987,24.580701785064587,71.97277170821515,24.580701785064587,71.97277170821515
A2_leave_region_recent_Northeast China,Liaoning,Northeast China,2024,34.2,48.27673674663987,24.580701785064587,71.97277170821515,24.580701785064587,71.97277170821515
A2_leave_region_recent_East China,Anhui,East China,2020,41.3,53.62647834586568,36.37328708040184,70.87966961132952,36.37328708040184,70.87966961132952
A2_leave_region_recent_East China,Anhui,East China,2021,38.1,53.62647834586568,36.37328708040184,70.87966961132952,36.37328708040184,70.87966961132952
A2_leave_region_recent_East China,Anhui,East China,2022,35.5,53.62647834586568,36.37328708040184,70.87966961132952,36.37328708040184,70.87966961132952
A2_leave_region_recent_East China,Anhui,East China,2023,35.5,53.62647834586568,36.37328708040184,70.87966961132952,36.37328708040184,70.87966961132952
A2_leave_region_recent_East China,Anhui,East China,2024,36.6,53.62647834586568,36.37328708040184,70.87966961132952,36.37328708040184,70.87966961132952
A2_leave_region_recent_East China,Fujian,East China,2020,21.2,40.259958301773466,19.946933086205018,60.57298351734191,19.946933086205018,60.57298351734191
A2_leave_region_recent_East China,Fujian,East China,2021,22.7,40.259958301773466,19.946933086205018,60.57298351734191,19.946933086205018,60.57298351734191
A2_leave_region_recent_East China,Fujian,East China,2022,20.1,40.259958301773466,19.946933086205018,60.57298351734191,19.946933086205018,60.57298351734191
A2_leave_region_recent_East China,Fujian,East China,2023,21.6,40.259958301773466,19.946933086205018,60.57298351734191,19.946933086205018,60.57298351734191
A2_leave_region_recent_East China,Fujian,East China,2024,21.3,40.259958301773466,19.946933086205018,60.57298351734191,19.946933086205018,60.57298351734191
A2_leave_region_recent_East China,Jiangsu,East China,2020,38.2,53.88901186954722,35.16075318195679,72.61727055713764,35.16075318195679,72.61727055713764
A2_leave_region_recent_East China,Jiangsu,East China,2021,35.3,53.88901186954722,35.16075318195679,72.61727055713764,35.16075318195679,72.61727055713764
A2_leave_region_recent_East China,Jiangsu,East China,2022,34.4,53.88901186954722,35.16075318195679,72.61727055713764,35.16075318195679,72.61727055713764
A2_leave_region_recent_East China,Jiangsu,East China,2023,36.2,53.88901186954722,35.16075318195679,72.61727055713764,35.16075318195679,72.61727055713764
A2_leave_region_recent_East China,Jiangsu,East China,2024,35.5,53.88901186954722,35.16075318195679,72.61727055713764,35.16075318195679,72.61727055713764
A2_leave_region_recent_East China,Jiangxi,East China,2020,27.9,46.203350909995876,30.010946696676374,62.39575512331538,30.010946696676374,62.39575512331538
A2_leave_region_recent_East China,Jiangxi,East China,2021,26.4,46.203350909995876,30.010946696676374,62.39575512331538,30.010946696676374,62.39575512331538
A2_leave_region_recent_East China,Jiangxi,East China,2022,24.2,46.203350909995876,30.010946696676374,62.39575512331538,30.010946696676374,62.39575512331538
A2_leave_region_recent_East China,Jiangxi,East China,2023,26.0,46.203350909995876,30.010946696676374,62.39575512331538,30.010946696676374,62.39575512331538
A2_leave_region_recent_East China,Jiangxi,East China,2024,24.7,46.203350909995876,30.010946696676374,62.39575512331538,30.010946696676374,62.39575512331538
A2_leave_region_recent_East China,Shandong,East China,2020,45.8,61.51104509985051,45.159272978707406,77.86281722099362,45.159272978707406,77.86281722099362
A2_leave_region_recent_East China,Shandong,East China,2021,41.3,61.51104509985051,45.159272978707406,77.86281722099362,45.159272978707406,77.86281722099362
A2_leave_region_recent_East China,Shandong,East China,2022,39.2,61.51104509985051,45.159272978707406,77.86281722099362,45.159272978707406,77.86281722099362
A2_leave_region_recent_East China,Shandong,East China,2023,40.5,61.51104509985051,45.159272978707406,77.86281722099362,45.159272978707406,77.86281722099362
A2_leave_region_recent_East China,Shandong,East China,2024,39.1,61.51104509985051,45.159272978707406,77.86281722099362,45.159272978707406,77.86281722099362
A2_leave_region_recent_East China,Shanghai,East China,2020,31.0,50.846512108168426,29.835285608642593,71.85773860769426,29.835285608642593,71.85773860769426
A2_leave_region_recent_East China,Shanghai,East China,2021,28.7,50.846512108168426,29.835285608642593,71.85773860769426,29.835285608642593,71.85773860769426
A2_leave_region_recent_East China,Shanghai,East China,2022,29.8,50.846512108168426,29.835285608642593,71.85773860769426,29.835285608642593,71.85773860769426
A2_leave_region_recent_East China,Shanghai,East China,2023,35.0,50.846512108168426,29.835285608642593,71.85773860769426,29.835285608642593,71.85773860769426
A2_leave_region_recent_East China,Shanghai,East China,2024,34.2,50.846512108168426,29.835285608642593,71.85773860769426,29.835285608642593,71.85773860769426
A2_leave_region_recent_East China,Zhejiang,East China,2020,26.4,49.46306699684189,29.430262847893857,69.49587114578992,29.430262847893857,69.49587114578992
A2_leave_region_recent_East China,Zhejiang,East China,2021,25.2,49.46306699684189,29.430262847893857,69.49587114578992,29.430262847893857,69.49587114578992
A2_leave_region_recent_East China,Zhejiang,East China,2022,25.6,49.46306699684189,29.430262847893857,69.49587114578992,29.430262847893857,69.49587114578992
A2_leave_region_recent_East China,Zhejiang,East China,2023,27.2,49.46306699684189,29.430262847893857,69.49587114578992,29.430262847893857,69.49587114578992
A2_leave_region_recent_East China,Zhejiang,East China,2024,27.1,49.46306699684189,29.430262847893857,69.49587114578992,29.430262847893857,69.49587114578992
A2_leave_region_recent_Central China,Henan,Central China,2020,49.8,50.023531031510544,33.92170037090328,66.1253616921178,33.92170037090328,66.1253616921178
A2_leave_region_recent_Central China,Henan,Central China,2021,43.8,50.023531031510544,33.92170037090328,66.1253616921178,33.92170037090328,66.1253616921178
A2_leave_region_recent_Central China,Henan,Central China,2022,44.5,50.023531031510544,33.92170037090328,66.1253616921178,33.92170037090328,66.1253616921178
A2_leave_region_recent_Central China,Henan,Central China,2023,42.1,50.023531031510544,33.92170037090328,66.1253616921178,33.92170037090328,66.1253616921178
A2_leave_region_recent_Central China,Henan,Central China,2024,42.8,50.023531031510544,33.92170037090328,66.1253616921178,33.92170037090328,66.1253616921178
A2_leave_region_recent_Central China,Hubei,Central China,2020,36.1,45.025267281858106,29.318481431364596,60.732053132351616,29.318481431364596,60.732053132351616
A2_leave_region_recent_Central China,Hubei,Central China,2021,34.6,45.025267281858106,29.318481431364596,60.732053132351616,29.318481431364596,60.732053132351616
A2_leave_region_recent_Central China,Hubei,Central China,2022,35.4,45.025267281858106,29.318481431364596,60.732053132351616,29.318481431364596,60.732053132351616
A2_leave_region_recent_Central China,Hubei,Central China,2023,36.0,45.025267281858106,29.318481431364596,60.732053132351616,29.318481431364596,60.732053132351616
A2_leave_region_recent_Central China,Hubei,Central China,2024,35.0,45.025267281858106,29.318481431364596,60.732053132351616,29.318481431364596,60.732053132351616
A2_leave_region_recent_Central China,Hunan,Central China,2020,32.2,38.88847795295749,23.00371013538816,54.77324577052681,23.00371013538816,54.77324577052681
A2_leave_region_recent_Central China,Hunan,Central China,2021,31.6,38.88847795295749,23.00371013538816,54.77324577052681,23.00371013538816,54.77324577052681
A2_leave_region_recent_Central China,Hunan,Central China,2022,30.4,38.88847795295749,23.00371013538816,54.77324577052681,23.00371013538816,54.77324577052681
A2_leave_region_recent_Central China,Hunan,Central China,2023,32.2,38.88847795295749,23.00371013538816,54.77324577052681,23.00371013538816,54.77324577052681
A2_leave_region_recent_Central China,Hunan,Central China,2024,30.7,38.88847795295749,23.00371013538816,54.77324577052681,23.00371013538816,54.77324577052681
A2_leave_region_recent_South China,Guangdong,South China,2020,23.1,27.019580317739894,6.738817110777298,47.30034352470249,6.738817110777298,47.30034352470249
A2_leave_region_recent_South China,Guangdong,South China,2021,23.2,27.019580317739894,6.738817110777298,47.30034352470249,6.738817110777298,47.30034352470249
A2_leave_region_recent_South China,Guangdong,South China,2022,23.2,27.019580317739894,6.738817110777298,47.30034352470249,6.738817110777298,47.30034352470249
A2_leave_region_recent_South China,Guangdong,South China,2023,23.9,27.019580317739894,6.738817110777298,47.30034352470249,6.738817110777298,47.30034352470249
A2_leave_region_recent_South China,Guangdong,South China,2024,23.6,27.019580317739894,6.738817110777298,47.30034352470249,6.738817110777298,47.30034352470249
A2_leave_region_recent_South China,Guangxi,South China,2020,26.4,26.078136838006117,6.209890294781971,45.94638338123026,6.209890294781971,45.94638338123026
A2_leave_region_recent_South China,Guangxi,South China,2021,26.0,26.078136838006117,6.209890294781971,45.94638338123026,6.209890294781971,45.94638338123026
A2_leave_region_recent_South China,Guangxi,South China,2022,24.6,26.078136838006117,6.209890294781971,45.94638338123026,6.209890294781971,45.94638338123026
A2_leave_region_recent_South China,Guangxi,South China,2023,24.9,26.078136838006117,6.209890294781971,45.94638338123026,6.209890294781971,45.94638338123026
A2_leave_region_recent_South China,Guangxi,South China,2024,23.6,26.078136838006117,6.209890294781971,45.94638338123026,6.209890294781971,45.94638338123026
A2_leave_region_recent_South China,Hainan,South China,2020,14.7,22.22802572532521,-1.5868511928718405,46.04290264352226,-1.5868511928718405,46.04290264352226
A2_leave_region_recent_South China,Hainan,South China,2021,15.9,22.22802572532521,-1.5868511928718405,46.04290264352226,-1.5868511928718405,46.04290264352226
A2_leave_region_recent_South China,Hainan,South China,2022,15.6,22.22802572532521,-1.5868511928718405,46.04290264352226,-1.5868511928718405,46.04290264352226
A2_leave_region_recent_South China,Hainan,South China,2023,14.8,22.22802572532521,-1.5868511928718405,46.04290264352226,-1.5868511928718405,46.04290264352226
A2_leave_region_recent_South China,Hainan,South China,2024,15.7,22.22802572532521,-1.5868511928718405,46.04290264352226,-1.5868511928718405,46.04290264352226
A2_leave_region_recent_Southwest China,Chongqing,Southwest China,2020,30.1,43.28888575824803,24.656373288226703,61.921398228269354,24.656373288226703,61.921398228269354
A2_leave_region_recent_Southwest China,Chongqing,Southwest China,2021,30.9,43.28888575824803,24.656373288226703,61.921398228269354,24.656373288226703,61.921398228269354
A2_leave_region_recent_Southwest China,Chongqing,Southwest China,2022,31.0,43.28888575824803,24.656373288226703,61.921398228269354,24.656373288226703,61.921398228269354
A2_leave_region_recent_Southwest China,Chongqing,Southwest China,2023,33.9,43.28888575824803,24.656373288226703,61.921398228269354,24.656373288226703,61.921398228269354
A2_leave_region_recent_Southwest China,Chongqing,Southwest China,2024,31.3,43.28888575824803,24.656373288226703,61.921398228269354,24.656373288226703,61.921398228269354
A2_leave_region_recent_Southwest China,Guizhou,Southwest China,2020,23.9,41.01461134956597,22.55669038968452,59.472532309447416,22.55669038968452,59.472532309447416
A2_leave_region_recent_Southwest China,Guizhou,Southwest China,2021,25.1,41.01461134956597,22.55669038968452,59.472532309447416,22.55669038968452,59.472532309447416
A2_leave_region_recent_Southwest China,Guizhou,Southwest China,2022,24.0,41.01461134956597,22.55669038968452,59.472532309447416,22.55669038968452,59.472532309447416
A2_leave_region_recent_Southwest China,Guizhou,Southwest China,2023,24.8,41.01461134956597,22.55669038968452,59.472532309447416,22.55669038968452,59.472532309447416
A2_leave_region_recent_Southwest China,Guizhou,Southwest China,2024,23.1,41.01461134956597,22.55669038968452,59.472532309447416,22.55669038968452,59.472532309447416
A2_leave_region_recent_Southwest China,Sichuan,Southwest China,2020,30.4,40.351406847801655,20.898846014334737,59.803967681268574,20.898846014334737,59.803967681268574
A2_leave_region_recent_Southwest China,Sichuan,Southwest China,2021,31.6,40.351406847801655,20.898846014334737,59.803967681268574,20.898846014334737,59.803967681268574
A2_leave_region_recent_Southwest China,Sichuan,Southwest China,2022,32.9,40.351406847801655,20.898846014334737,59.803967681268574,20.898846014334737,59.803967681268574
A2_leave_region_recent_Southwest China,Sichuan,Southwest China,2023,34.5,40.351406847801655,20.898846014334737,59.803967681268574,20.898846014334737,59.803967681268574
A2_leave_region_recent_Southwest China,Sichuan,Southwest China,2024,31.1,40.351406847801655,20.898846014334737,59.803967681268574,20.898846014334737,59.803967681268574
A2_leave_region_recent_Southwest China,Xizang,Southwest China,2020,9.4,33.328603300640324,7.8255425879185125,58.831664013362136,7.8255425879185125,58.831664013362136
A2_leave_region_recent_Southwest China,Xizang,Southwest China,2021,10.7,33.328603300640324,7.8255425879185125,58.831664013362136,7.8255425879185125,58.831664013362136
A2_leave_region_recent_Southwest China,Xizang,Southwest China,2022,9.8,33.328603300640324,7.8255425879185125,58.831664013362136,7.8255425879185125,58.831664013362136
A2_leave_region_recent_Southwest China,Xizang,Southwest China,2023,10.7,33.328603300640324,7.8255425879185125,58.831664013362136,7.8255425879185125,58.831664013362136
A2_leave_region_recent_Southwest China,Xizang,Southwest China,2024,10.8,33.328603300640324,7.8255425879185125,58.831664013362136,7.8255425879185125,58.831664013362136
A2_leave_region_recent_Southwest China,Yunnan,Southwest China,2020,22.4,36.42474039912531,16.295764034774685,56.55371676347594,16.295764034774685,56.55371676347594
A2_leave_region_recent_Southwest China,Yunnan,Southwest China,2021,24.0,36.42474039912531,16.295764034774685,56.55371676347594,16.295764034774685,56.55371676347594
A2_leave_region_recent_Southwest China,Yunnan,Southwest China,2022,21.5,36.42474039912531,16.295764034774685,56.55371676347594,16.295764034774685,56.55371676347594
A2_leave_region_recent_Southwest China,Yunnan,Southwest China,2023,22.8,36.42474039912531,16.295764034774685,56.55371676347594,16.295764034774685,56.55371676347594
A2_leave_region_recent_Southwest China,Yunnan,Southwest China,2024,21.3,36.42474039912531,16.295764034774685,56.55371676347594,16.295764034774685,56.55371676347594
A2_leave_region_recent_Northwest China,Gansu,Northwest China,2020,24.8,35.70912570702703,14.184252162660602,57.233999251393456,14.184252162660602,57.233999251393456
A2_leave_region_recent_Northwest China,Gansu,Northwest China,2021,25.0,35.70912570702703,14.184252162660602,57.233999251393456,14.184252162660602,57.233999251393456
A2_leave_region_recent_Northwest China,Gansu,Northwest China,2022,28.0,35.70912570702703,14.184252162660602,57.233999251393456,14.184252162660602,57.233999251393456
A2_leave_region_recent_Northwest China,Gansu,Northwest China,2023,29.6,35.70912570702703,14.184252162660602,57.233999251393456,14.184252162660602,57.233999251393456
A2_leave_region_recent_Northwest China,Gansu,Northwest China,2024,29.2,35.70912570702703,14.184252162660602,57.233999251393456,14.184252162660602,57.233999251393456
A2_leave_region_recent_Northwest China,Ningxia Hui,Northwest China,2020,31.4,32.45444531741445,11.82640543826816,53.08248519656073,11.82640543826816,53.08248519656073
A2_leave_region_recent_Northwest China,Ningxia Hui,Northwest China,2021,28.9,32.45444531741445,11.82640543826816,53.08248519656073,11.82640543826816,53.08248519656073
A2_leave_region_recent_Northwest China,Ningxia Hui,Northwest China,2022,35.0,32.45444531741445,11.82640543826816,53.08248519656073,11.82640543826816,53.08248519656073
A2_leave_region_recent_Northwest China,Ningxia Hui,Northwest China,2023,34.3,32.45444531741445,11.82640543826816,53.08248519656073,11.82640543826816,53.08248519656073
A2_leave_region_recent_Northwest China,Ningxia Hui,Northwest China,2024,34.0,32.45444531741445,11.82640543826816,53.08248519656073,11.82640543826816,53.08248519656073
A2_leave_region_recent_Northwest China,Qinghai,Northwest China,2020,22.2,31.115630247461553,8.439037151088254,53.79222334383485,8.439037151088254,53.79222334383485
A2_leave_region_recent_Northwest China,Qinghai,Northwest China,2021,23.4,31.115630247461553,8.439037151088254,53.79222334383485,8.439037151088254,53.79222334383485
A2_leave_region_recent_Northwest China,Qinghai,Northwest China,2022,26.1,31.115630247461553,8.439037151088254,53.79222334383485,8.439037151088254,53.79222334383485
A2_leave_region_recent_Northwest China,Qinghai,Northwest China,2023,28.3,31.115630247461553,8.439037151088254,53.79222334383485,8.439037151088254,53.79222334383485
A2_leave_region_recent_Northwest China,Qinghai,Northwest China,2024,27.6,31.115630247461553,8.439037151088254,53.79222334383485,8.439037151088254,53.79222334383485
A2_leave_region_recent_Northwest China,Shaanxi,Northwest China,2020,39.3,50.058352874730005,31.47295738167128,68.64374836778873,31.47295738167128,68.64374836778873
A2_leave_region_recent_Northwest China,Shaanxi,Northwest China,2021,34.8,50.058352874730005,31.47295738167128,68.64374836778873,31.47295738167128,68.64374836778873
A2_leave_region_recent_Northwest China,Shaanxi,Northwest China,2022,39.4,50.058352874730005,31.47295738167128,68.64374836778873,31.47295738167128,68.64374836778873
A2_leave_region_recent_Northwest China,Shaanxi,Northwest China,2023,38.4,50.058352874730005,31.47295738167128,68.64374836778873,31.47295738167128,68.64374836778873
A2_leave_region_recent_Northwest China,Shaanxi,Northwest China,2024,36.8,50.058352874730005,31.47295738167128,68.64374836778873,31.47295738167128,68.64374836778873
A2_leave_region_recent_Northwest China,Xinjiang Uygur,Northwest China,2020,50.2,12.784017354332342,-19.00664528487543,44.574679993540116,-19.00664528487543,44.574679993540116
A2_leave_region_recent_Northwest China,Xinjiang Uygur,Northwest China,2021,44.2,12.784017354332342,-19.00664528487543,44.574679993540116,-19.00664528487543,44.574679993540116
A2_leave_region_recent_Northwest China,Xinjiang Uygur,Northwest China,2022,53.6,12.784017354332342,-19.00664528487543,44.574679993540116,-19.00664528487543,44.574679993540116
A2_leave_region_recent_Northwest China,Xinjiang Uygur,Northwest China,2023,47.5,12.784017354332342,-19.00664528487543,44.574679993540116,-19.00664528487543,44.574679993540116
A2_leave_region_recent_Northwest China,Xinjiang Uygur,Northwest China,2024,44.5,12.784017354332342,-19.00664528487543,44.574679993540116,-19.00664528487543,44.574679993540116
B_leave_year,Anhui,East China,2020,41.3,49.51350803660739,36.67886333410755,62.348152739107235,36.67886333410755,62.348152739107235
B_leave_year,Anhui,East China,2021,38.1,49.51350803660739,36.67886333410755,62.348152739107235,36.67886333410755,62.348152739107235
B_leave_year,Anhui,East China,2022,35.5,49.51350803660739,36.67886333410755,62.348152739107235,36.67886333410755,62.348152739107235
B_leave_year,Anhui,East China,2023,35.5,49.51350803660739,36.67886333410755,62.348152739107235,36.67886333410755,62.348152739107235
B_leave_year,Anhui,East China,2024,36.6,49.51350803660739,36.67886333410755,62.348152739107235,36.67886333410755,62.348152739107235
B_leave_year,Beijing,North China,2020,41.5,57.01424079180549,44.214385084853845,69.81409649875714,44.214385084853845,69.81409649875714
B_leave_year,Beijing,North China,2021,39.7,57.01424079180549,44.214385084853845,69.81409649875714,44.214385084853845,69.81409649875714
B_leave_year,Beijing,North China,2022,41.2,57.01424079180549,44.214385084853845,69.81409649875714,44.214385084853845,69.81409649875714
B_leave_year,Beijing,North China,2023,45.6,57.01424079180549,44.214385084853845,69.81409649875714,44.214385084853845,69.81409649875714
B_leave_year,Beijing,North China,2024,42.7,57.01424079180549,44.214385084853845,69.81409649875714,44.214385084853845,69.81409649875714
B_leave_year,Chongqing,Southwest China,2020,30.1,43.54289604005157,30.672022026117013,56.413770053986134,30.672022026117013,56.413770053986134
B_leave_year,Chongqing,Southwest China,2021,30.9,43.54289604005157,30.672022026117013,56.413770053986134,30.672022026117013,56.413770053986134
B_leave_year,Chongqing,Southwest China,2022,31.0,43.54289604005157,30.672022026117013,56.413770053986134,30.672022026117013,56.413770053986134
B_leave_year,Chongqing,Southwest China,2023,33.9,43.54289604005157,30.672022026117013,56.413770053986134,30.672022026117013,56.413770053986134
B_leave_year,Chongqing,Southwest China,2024,31.3,43.54289604005157,30.672022026117013,56.413770053986134,30.672022026117013,56.413770053986134
B_leave_year,Fujian,East China,2020,21.2,27.549228770380353,14.637866038415286,40.46059150234542,14.637866038415286,40.46059150234542
B_leave_year,Fujian,East China,2021,22.7,27.549228770380353,14.637866038415286,40.46059150234542,14.637866038415286,40.46059150234542
B_leave_year,Fujian,East China,2022,20.1,27.549228770380353,14.637866038415286,40.46059150234542,14.637866038415286,40.46059150234542
B_leave_year,Fujian,East China,2023,21.6,27.549228770380353,14.637866038415286,40.46059150234542,14.637866038415286,40.46059150234542
B_leave_year,Fujian,East China,2024,21.3,27.549228770380353,14.637866038415286,40.46059150234542,14.637866038415286,40.46059150234542
B_leave_year,Gansu,Northwest China,2020,24.8,30.381981563947193,17.53705964062975,43.226903487264636,17.53705964062975,43.226903487264636
B_leave_year,Gansu,Northwest China,2021,25.0,30.381981563947193,17.53705964062975,43.226903487264636,17.53705964062975,43.226903487264636
B_leave_year,Gansu,Northwest China,2022,28.0,30.381981563947193,17.53705964062975,43.226903487264636,17.53705964062975,43.226903487264636
B_leave_year,Gansu,Northwest China,2023,29.6,30.381981563947193,17.53705964062975,43.226903487264636,17.53705964062975,43.226903487264636
B_leave_year,Gansu,Northwest China,2024,29.2,30.381981563947193,17.53705964062975,43.226903487264636,17.53705964062975,43.226903487264636
B_leave_year,Guangdong,South China,2020,23.1,32.02980059963215,19.19204704333696,44.86755415592735,19.19204704333696,44.86755415592735
B_leave_year,Guangdong,South China,2021,23.2,32.02980059963215,19.19204704333696,44.86755415592735,19.19204704333696,44.86755415592735
B_leave_year,Guangdong,South China,2022,23.2,32.02980059963215,19.19204704333696,44.86755415592735,19.19204704333696,44.86755415592735
B_leave_year,Guangdong,South China,2023,23.9,32.02980059963215,19.19204704333696,44.86755415592735,19.19204704333696,44.86755415592735
B_leave_year,Guangdong,South China,2024,23.6,32.02980059963215,19.19204704333696,44.86755415592735,19.19204704333696,44.86755415592735
B_leave_year,Guangxi,South China,2020,26.4,33.25938133969089,20.404477575353326,46.114285104028454,20.404477575353326,46.114285104028454
B_leave_year,Guangxi,South China,2021,26.0,33.25938133969089,20.404477575353326,46.114285104028454,20.404477575353326,46.114285104028454
B_leave_year,Guangxi,South China,2022,24.6,33.25938133969089,20.404477575353326,46.114285104028454,20.404477575353326,46.114285104028454
B_leave_year,Guangxi,South China,2023,24.9,33.25938133969089,20.404477575353326,46.114285104028454,20.404477575353326,46.114285104028454
B_leave_year,Guangxi,South China,2024,23.6,33.25938133969089,20.404477575353326,46.114285104028454,20.404477575353326,46.114285104028454
B_leave_year,Guizhou,Southwest China,2020,23.9,31.980238354037624,19.126215653632194,44.834261054443054,19.126215653632194,44.834261054443054
B_leave_year,Guizhou,Southwest China,2021,25.1,31.980238354037624,19.126215653632194,44.834261054443054,19.126215653632194,44.834261054443054
B_leave_year,Guizhou,Southwest China,2022,24.0,31.980238354037624,19.126215653632194,44.834261054443054,19.126215653632194,44.834261054443054
B_leave_year,Guizhou,Southwest China,2023,24.8,31.980238354037624,19.126215653632194,44.834261054443054,19.126215653632194,44.834261054443054
B_leave_year,Guizhou,Southwest China,2024,23.1,31.980238354037624,19.126215653632194,44.834261054443054,19.126215653632194,44.834261054443054
B_leave_year,Hainan,South China,2020,14.7,19.75815653653808,6.950613250845091,32.56569982223107,6.950613250845091,32.56569982223107
B_leave_year,Hainan,South China,2021,15.9,19.75815653653808,6.950613250845091,32.56569982223107,6.950613250845091,32.56569982223107
B_leave_year,Hainan,South China,2022,15.6,19.75815653653808,6.950613250845091,32.56569982223107,6.950613250845091,32.56569982223107
B_leave_year,Hainan,South China,2023,14.8,19.75815653653808,6.950613250845091,32.56569982223107,6.950613250845091,32.56569982223107
B_leave_year,Hainan,South China,2024,15.7,19.75815653653808,6.950613250845091,32.56569982223107,6.950613250845091,32.56569982223107
B_leave_year,Hebei,North China,2020,47.7,60.76097197707725,47.92490294643612,73.59704100771837,47.92490294643612,73.59704100771837
B_leave_year,Hebei,North China,2021,42.4,60.76097197707725,47.92490294643612,73.59704100771837,47.92490294643612,73.59704100771837
B_leave_year,Hebei,North China,2022,42.2,60.76097197707725,47.92490294643612,73.59704100771837,47.92490294643612,73.59704100771837
B_leave_year,Hebei,North China,2023,43.8,60.76097197707725,47.92490294643612,73.59704100771837,47.92490294643612,73.59704100771837
B_leave_year,Hebei,North China,2024,42.6,60.76097197707725,47.92490294643612,73.59704100771837,47.92490294643612,73.59704100771837
B_leave_year,Heilongjiang,Northeast China,2020,27.1,26.43297504024298,13.59178362743077,39.27416645305519,13.59178362743077,39.27416645305519
B_leave_year,Heilongjiang,Northeast China,2021,24.8,26.43297504024298,13.59178362743077,39.27416645305519,13.59178362743077,39.27416645305519
B_leave_year,Heilongjiang,Northeast China,2022,25.0,26.43297504024298,13.59178362743077,39.27416645305519,13.59178362743077,39.27416645305519
B_leave_year,Heilongjiang,Northeast China,2023,27.7,26.43297504024298,13.59178362743077,39.27416645305519,13.59178362743077,39.27416645305519
B_leave_year,Heilongjiang,Northeast China,2024,34.2,26.43297504024298,13.59178362743077,39.27416645305519,13.59178362743077,39.27416645305519
B_leave_year,Henan,Central China,2020,49.8,64.33841595299145,51.50589213281037,77.17093977317253,51.50589213281037,77.17093977317253
B_leave_year,Henan,Central China,2021,43.8,64.33841595299145,51.50589213281037,77.17093977317253,51.50589213281037,77.17093977317253
B_leave_year,Henan,Central China,2022,44.5,64.33841595299145,51.50589213281037,77.17093977317253,51.50589213281037,77.17093977317253
B_leave_year,Henan,Central China,2023,42.1,64.33841595299145,51.50589213281037,77.17093977317253,51.50589213281037,77.17093977317253
B_leave_year,Henan,Central China,2024,42.8,64.33841595299145,51.50589213281037,77.17093977317253,51.50589213281037,77.17093977317253
B_leave_year,Hubei,Central China,2020,36.1,50.05655302926016,37.162729173627795,62.95037688489252,37.162729173627795,62.95037688489252
B_leave_year,Hubei,Central China,2021,34.6,50.05655302926016,37.162729173627795,62.95037688489252,37.162729173627795,62.95037688489252
B_leave_year,Hubei,Central China,2022,35.4,50.05655302926016,37.162729173627795,62.95037688489252,37.162729173627795,62.95037688489252
B_leave_year,Hubei,Central China,2023,36.0,50.05655302926016,37.162729173627795,62.95037688489252,37.162729173627795,62.95037688489252
B_leave_year,Hubei,Central China,2024,35.0,50.05655302926016,37.162729173627795,62.95037688489252,37.162729173627795,62.95037688489252
B_leave_year,Hunan,Central China,2020,32.2,43.56533886718,30.66943377396637,56.46124396039363,30.66943377396637,56.46124396039363
B_leave_year,Hunan,Central China,2021,31.6,43.56533886718,30.66943377396637,56.46124396039363,30.66943377396637,56.46124396039363
B_leave_year,Hunan,Central China,2022,30.4,43.56533886718,30.66943377396637,56.46124396039363,30.66943377396637,56.46124396039363
B_leave_year,Hunan,Central China,2023,32.2,43.56533886718,30.66943377396637,56.46124396039363,30.66943377396637,56.46124396039363
B_leave_year,Hunan,Central China,2024,30.7,43.56533886718,30.66943377396637,56.46124396039363,30.66943377396637,56.46124396039363
B_leave_year,Jiangsu,East China,2020,38.2,46.990720653861274,34.13706323089707,59.84437807682548,34.13706323089707,59.84437807682548
B_leave_year,Jiangsu,East China,2021,35.3,46.990720653861274,34.13706323089707,59.84437807682548,34.13706323089707,59.84437807682548
B_leave_year,Jiangsu,East China,2022,34.4,46.990720653861274,34.13706323089707,59.84437807682548,34.13706323089707,59.84437807682548
B_leave_year,Jiangsu,East China,2023,36.2,46.990720653861274,34.13706323089707,59.84437807682548,34.13706323089707,59.84437807682548
B_leave_year,Jiangsu,East China,2024,35.5,46.990720653861274,34.13706323089707,59.84437807682548,34.13706323089707,59.84437807682548
B_leave_year,Jiangxi,East China,2020,27.9,38.286514360904675,25.39551000056032,51.17751872124903,25.39551000056032,51.17751872124903
B_leave_year,Jiangxi,East China,2021,26.4,38.286514360904675,25.39551000056032,51.17751872124903,25.39551000056032,51.17751872124903
B_leave_year,Jiangxi,East China,2022,24.2,38.286514360904675,25.39551000056032,51.17751872124903,25.39551000056032,51.17751872124903
B_leave_year,Jiangxi,East China,2023,26.0,38.286514360904675,25.39551000056032,51.17751872124903,25.39551000056032,51.17751872124903
B_leave_year,Jiangxi,East China,2024,24.7,38.286514360904675,25.39551000056032,51.17751872124903,25.39551000056032,51.17751872124903
B_leave_year,Jilin,Northeast China,2020,33.5,32.10092050136228,19.269493284931862,44.9323477177927,19.269493284931862,44.9323477177927
B_leave_year,Jilin,Northeast China,2021,28.3,32.10092050136228,19.269493284931862,44.9323477177927,19.269493284931862,44.9323477177927
B_leave_year,Jilin,Northeast China,2022,26.4,32.10092050136228,19.269493284931862,44.9323477177927,19.269493284931862,44.9323477177927
B_leave_year,Jilin,Northeast China,2023,29.7,32.10092050136228,19.269493284931862,44.9323477177927,19.269493284931862,44.9323477177927
B_leave_year,Jilin,Northeast China,2024,32.2,32.10092050136228,19.269493284931862,44.9323477177927,19.269493284931862,44.9323477177927
B_leave_year,Liaoning,Northeast China,2020,36.3,40.56275252728801,27.555323852896585,53.57018120167944,27.555323852896585,53.57018120167944
B_leave_year,Liaoning,Northeast China,2021,32.7,40.56275252728801,27.555323852896585,53.57018120167944,27.555323852896585,53.57018120167944
B_leave_year,Liaoning,Northeast China,2022,31.0,40.56275252728801,27.555323852896585,53.57018120167944,27.555323852896585,53.57018120167944
B_leave_year,Liaoning,Northeast China,2023,34.3,40.56275252728801,27.555323852896585,53.57018120167944,27.555323852896585,53.57018120167944
B_leave_year,Liaoning,Northeast China,2024,34.2,40.56275252728801,27.555323852896585,53.57018120167944,27.555323852896585,53.57018120167944
B_leave_year,Nei Mongol,North China,2020,25.1,25.576669062945257,12.695229196662895,38.45810892922762,12.695229196662895,38.45810892922762
B_leave_year,Nei Mongol,North China,2021,24.5,25.576669062945257,12.695229196662895,38.45810892922762,12.695229196662895,38.45810892922762
B_leave_year,Nei Mongol,North China,2022,22.9,25.576669062945257,12.695229196662895,38.45810892922762,12.695229196662895,38.45810892922762
B_leave_year,Nei Mongol,North China,2023,26.8,25.576669062945257,12.695229196662895,38.45810892922762,12.695229196662895,38.45810892922762
B_leave_year,Nei Mongol,North China,2024,26.3,25.576669062945257,12.695229196662895,38.45810892922762,12.695229196662895,38.45810892922762
B_leave_year,Ningxia Hui,Northwest China,2020,31.4,32.143953332528554,19.23897567043155,45.04893099462556,19.23897567043155,45.04893099462556
B_leave_year,Ningxia Hui,Northwest China,2021,28.9,32.143953332528554,19.23897567043155,45.04893099462556,19.23897567043155,45.04893099462556
B_leave_year,Ningxia Hui,Northwest China,2022,35.0,32.143953332528554,19.23897567043155,45.04893099462556,19.23897567043155,45.04893099462556
B_leave_year,Ningxia Hui,Northwest China,2023,34.3,32.143953332528554,19.23897567043155,45.04893099462556,19.23897567043155,45.04893099462556
B_leave_year,Ningxia Hui,Northwest China,2024,34.0,32.143953332528554,19.23897567043155,45.04893099462556,19.23897567043155,45.04893099462556
B_leave_year,Qinghai,Northwest China,2020,22.2,28.972490563784163,16.141154578244326,41.803826549324,16.141154578244326,41.803826549324
B_leave_year,Qinghai,Northwest China,2021,23.4,28.972490563784163,16.141154578244326,41.803826549324,16.141154578244326,41.803826549324
B_leave_year,Qinghai,Northwest China,2022,26.1,28.972490563784163,16.141154578244326,41.803826549324,16.141154578244326,41.803826549324
B_leave_year,Qinghai,Northwest China,2023,28.3,28.972490563784163,16.141154578244326,41.803826549324,16.141154578244326,41.803826549324
B_leave_year,Qinghai,Northwest China,2024,27.6,28.972490563784163,16.141154578244326,41.803826549324,16.141154578244326,41.803826549324
B_leave_year,Shaanxi,Northwest China,2020,39.3,44.548576976560526,31.6710100535988,57.42614389952225,31.6710100535988,57.42614389952225
B_leave_year,Shaanxi,Northwest China,2021,34.8,44.548576976560526,31.6710100535988,57.42614389952225,31.6710100535988,57.42614389952225
B_leave_year,Shaanxi,Northwest China,2022,39.4,44.548576976560526,31.6710100535988,57.42614389952225,31.6710100535988,57.42614389952225
B_leave_year,Shaanxi,Northwest China,2023,38.4,44.548576976560526,31.6710100535988,57.42614389952225,31.6710100535988,57.42614389952225
B_leave_year,Shaanxi,Northwest China,2024,36.8,44.548576976560526,31.6710100535988,57.42614389952225,31.6710100535988,57.42614389952225
B_leave_year,Shandong,East China,2020,45.8,54.32461691505591,41.450714532075594,67.19851929803623,41.450714532075594,67.19851929803623
B_leave_year,Shandong,East China,2021,41.3,54.32461691505591,41.450714532075594,67.19851929803623,41.450714532075594,67.19851929803623
B_leave_year,Shandong,East China,2022,39.2,54.32461691505591,41.450714532075594,67.19851929803623,41.450714532075594,67.19851929803623
B_leave_year,Shandong,East China,2023,40.5,54.32461691505591,41.450714532075594,67.19851929803623,41.450714532075594,67.19851929803623
B_leave_year,Shandong,East China,2024,39.1,54.32461691505591,41.450714532075594,67.19851929803623,41.450714532075594,67.19851929803623
B_leave_year,Shanghai,East China,2020,31.0,37.50050565076481,24.673573600578685,50.32743770095093,24.673573600578685,50.32743770095093
B_leave_year,Shanghai,East China,2021,28.7,37.50050565076481,24.673573600578685,50.32743770095093,24.673573600578685,50.32743770095093
B_leave_year,Shanghai,East China,2022,29.8,37.50050565076481,24.673573600578685,50.32743770095093,24.673573600578685,50.32743770095093
B_leave_year,Shanghai,East China,2023,35.0,37.50050565076481,24.673573600578685,50.32743770095093,24.673573600578685,50.32743770095093
B_leave_year,Shanghai,East China,2024,34.2,37.50050565076481,24.673573600578685,50.32743770095093,24.673573600578685,50.32743770095093
B_leave_year,Shanxi,North China,2020,40.1,48.29578289682604,35.35286958753011,61.23869620612197,35.35286958753011,61.23869620612197
B_leave_year,Shanxi,North China,2021,37.1,48.29578289682604,35.35286958753011,61.23869620612197,35.35286958753011,61.23869620612197
B_leave_year,Shanxi,North China,2022,38.8,48.29578289682604,35.35286958753011,61.23869620612197,35.35286958753011,61.23869620612197
B_leave_year,Shanxi,North China,2023,38.8,48.29578289682604,35.35286958753011,61.23869620612197,35.35286958753011,61.23869620612197
B_leave_year,Shanxi,North China,2024,38.0,48.29578289682604,35.35286958753011,61.23869620612197,35.35286958753011,61.23869620612197
B_leave_year,Sichuan,Southwest China,2020,30.4,43.89739234246929,31.080908484711806,56.71387620022677,31.080908484711806,56.71387620022677
B_leave_year,Sichuan,Southwest China,2021,31.6,43.89739234246929,31.080908484711806,56.71387620022677,31.080908484711806,56.71387620022677
B_leave_year,Sichuan,Southwest China,2022,32.9,43.89739234246929,31.080908484711806,56.71387620022677,31.080908484711806,56.71387620022677
B_leave_year,Sichuan,Southwest China,2023,34.5,43.89739234246929,31.080908484711806,56.71387620022677,31.080908484711806,56.71387620022677
B_leave_year,Sichuan,Southwest China,2024,31.1,43.89739234246929,31.080908484711806,56.71387620022677,31.080908484711806,56.71387620022677
B_leave_year,Tianjin,North China,2020,53.1,60.347556907424405,47.49511381484881,73.2,47.49511381484881,73.2
B_leave_year,Tianjin,North China,2021,46.7,60.347556907424405,47.49511381484881,73.2,47.49511381484881,73.2
B_leave_year,Tianjin,North China,2022,48.2,60.347556907424405,47.49511381484881,73.2,47.49511381484881,73.2
B_leave_year,Tianjin,North China,2023,51.0,60.347556907424405,47.49511381484881,73.2,47.49511381484881,73.2
B_leave_year,Tianjin,North China,2024,49.1,60.347556907424405,47.49511381484881,73.2,47.49511381484881,73.2
B_leave_year,Xinjiang Uygur,Northwest China,2020,50.2,42.191158200652126,29.233633241096452,55.148683160207796,29.233633241096452,55.148683160207796
B_leave_year,Xinjiang Uygur,Northwest China,2021,44.2,42.191158200652126,29.233633241096452,55.148683160207796,29.233633241096452,55.148683160207796
B_leave_year,Xinjiang Uygur,Northwest China,2022,53.6,42.191158200652126,29.233633241096452,55.148683160207796,29.233633241096452,55.148683160207796
B_leave_year,Xinjiang Uygur,Northwest China,2023,47.5,42.191158200652126,29.233633241096452,55.148683160207796,29.233633241096452,55.148683160207796
B_leave_year,Xinjiang Uygur,Northwest China,2024,44.5,42.191158200652126,29.233633241096452,55.148683160207796,29.233633241096452,55.148683160207796
B_leave_year,Xizang,Southwest China,2020,9.4,11.12786963650342,-1.7941261667345891,24.049865439741428,-1.7941261667345891,24.049865439741428
B_leave_year,Xizang,Southwest China,2021,10.7,11.12786963650342,-1.7941261667345891,24.049865439741428,-1.7941261667345891,24.049865439741428
B_leave_year,Xizang,Southwest China,2022,9.8,11.12786963650342,-1.7941261667345891,24.049865439741428,-1.7941261667345891,24.049865439741428
B_leave_year,Xizang,Southwest China,2023,10.7,11.12786963650342,-1.7941261667345891,24.049865439741428,-1.7941261667345891,24.049865439741428
B_leave_year,Xizang,Southwest China,2024,10.8,11.12786963650342,-1.7941261667345891,24.049865439741428,-1.7941261667345891,24.049865439741428
B_leave_year,Yunnan,Southwest China,2020,22.4,26.38877714932346,13.505082271555793,39.272472027091126,13.505082271555793,39.272472027091126
B_leave_year,Yunnan,Southwest China,2021,24.0,26.38877714932346,13.505082271555793,39.272472027091126,13.505082271555793,39.272472027091126
B_leave_year,Yunnan,Southwest China,2022,21.5,26.38877714932346,13.505082271555793,39.272472027091126,13.505082271555793,39.272472027091126
B_leave_year,Yunnan,Southwest China,2023,22.8,26.38877714932346,13.505082271555793,39.272472027091126,13.505082271555793,39.272472027091126
B_leave_year,Yunnan,Southwest China,2024,21.3,26.38877714932346,13.505082271555793,39.272472027091126,13.505082271555793,39.272472027091126
B_leave_year,Zhejiang,East China,2020,26.4,36.792693187773466,23.950821764807067,49.634564610739865,23.950821764807067,49.634564610739865
B_leave_year,Zhejiang,East China,2021,25.2,36.792693187773466,23.950821764807067,49.634564610739865,23.950821764807067,49.634564610739865
B_leave_year,Zhejiang,East China,2022,25.6,36.792693187773466,23.950821764807067,49.634564610739865,23.950821764807067,49.634564610739865
B_leave_year,Zhejiang,East China,2023,27.2,36.792693187773466,23.950821764807067,49.634564610739865,23.950821764807067,49.634564610739865
B_leave_year,Zhejiang,East China,2024,27.1,36.792693187773466,23.950821764807067,49.634564610739865,23.950821764807067,49.634564610739865
C_Yangtze_Delta,Anhui,East China,1998,34.0,49.73641584993695,31.218470385519577,68.25436131435431,31.218470385519577,68.25436131435431
C_Yangtze_Delta,Anhui,East China,1999,34.2,49.73641584993695,31.218470385519577,68.25436131435431,31.218470385519577,68.25436131435431
C_Yangtze_Delta,Anhui,East China,2000,39.2,49.73641584993695,31.218470385519577,68.25436131435431,31.218470385519577,68.25436131435431
C_Yangtze_Delta,Anhui,East China,2001,40.8,49.73641584993695,31.218470385519577,68.25436131435431,31.218470385519577,68.25436131435431
C_Yangtze_Delta,Anhui,East China,2002,45.5,49.73641584993695,31.218470385519577,68.25436131435431,31.218470385519577,68.25436131435431
C_Yangtze_Delta,Anhui,East China,2003,50.9,49.73641584993695,31.218470385519577,68.25436131435431,31.218470385519577,68.25436131435431
C_Yangtze_Delta,Anhui,East China,2004,50.2,49.73641584993695,31.218470385519577,68.25436131435431,31.218470385519577,68.25436131435431
C_Yangtze_Delta,Anhui,East China,2005,51.7,49.73641584993695,31.218470385519577,68.25436131435431,31.218470385519577,68.25436131435431
C_Yangtze_Delta,Anhui,East China,2006,53.2,49.73641584993695,31.218470385519577,68.25436131435431,31.218470385519577,68.25436131435431
C_Yangtze_Delta,Anhui,East China,2007,58.0,49.73641584993695,31.218470385519577,68.25436131435431,31.218470385519577,68.25436131435431
C_Yangtze_Delta,Anhui,East China,2008,56.2,49.73641584993695,31.218470385519577,68.25436131435431,31.218470385519577,68.25436131435431
C_Yangtze_Delta,Anhui,East China,2009,55.2,49.73641584993695,31.218470385519577,68.25436131435431,31.218470385519577,68.25436131435431
C_Yangtze_Delta,Anhui,East China,2010,54.0,49.73641584993695,31.218470385519577,68.25436131435431,31.218470385519577,68.25436131435431
C_Yangtze_Delta,Anhui,East China,2011,55.4,49.73641584993695,31.218470385519577,68.25436131435431,31.218470385519577,68.25436131435431
C_Yangtze_Delta,Anhui,East China,2012,51.0,49.73641584993695,31.218470385519577,68.25436131435431,31.218470385519577,68.25436131435431
C_Yangtze_Delta,Anhui,East China,2013,57.5,49.73641584993695,31.218470385519577,68.25436131435431,31.218470385519577,68.25436131435431
C_Yangtze_Delta,Anhui,East China,2014,62.5,49.73641584993695,31.218470385519577,68.25436131435431,31.218470385519577,68.25436131435431
C_Yangtze_Delta,Anhui,East China,2015,57.5,49.73641584993695,31.218470385519577,68.25436131435431,31.218470385519577,68.25436131435431
C_Yangtze_Delta,Anhui,East China,2016,52.1,49.73641584993695,31.218470385519577,68.25436131435431,31.218470385519577,68.25436131435431
C_Yangtze_Delta,Anhui,East China,2017,53.1,49.73641584993695,31.218470385519577,68.25436131435431,31.218470385519577,68.25436131435431
C_Yangtze_Delta,Anhui,East China,2018,48.2,49.73641584993695,31.218470385519577,68.25436131435431,31.218470385519577,68.25436131435431
C_Yangtze_Delta,Anhui,East China,2019,45.3,49.73641584993695,31.218470385519577,68.25436131435431,31.218470385519577,68.25436131435431
C_Yangtze_Delta,Anhui,East China,2020,41.3,49.73641584993695,31.218470385519577,68.25436131435431,31.218470385519577,68.25436131435431
C_Yangtze_Delta,Anhui,East China,2021,38.1,49.73641584993695,31.218470385519577,68.25436131435431,31.218470385519577,68.25436131435431
C_Yangtze_Delta,Anhui,East China,2022,35.5,49.73641584993695,31.218470385519577,68.25436131435431,31.218470385519577,68.25436131435431
C_Yangtze_Delta,Anhui,East China,2023,35.5,49.73641584993695,31.218470385519577,68.25436131435431,31.218470385519577,68.25436131435431
C_Yangtze_Delta,Anhui,East China,2024,36.6,49.73641584993695,31.218470385519577,68.25436131435431,31.218470385519577,68.25436131435431
C_Yangtze_Delta,Jiangsu,East China,1998,28.8,48.18660159720412,28.299096041670772,68.07410715273747,28.299096041670772,68.07410715273747
C_Yangtze_Delta,Jiangsu,East China,1999,30.0,48.18660159720412,28.299096041670772,68.07410715273747,28.299096041670772,68.07410715273747
C_Yangtze_Delta,Jiangsu,East China,2000,34.2,48.18660159720412,28.299096041670772,68.07410715273747,28.299096041670772,68.07410715273747
C_Yangtze_Delta,Jiangsu,East China,2001,37.3,48.18660159720412,28.299096041670772,68.07410715273747,28.299096041670772,68.07410715273747
C_Yangtze_Delta,Jiangsu,East China,2002,43.0,48.18660159720412,28.299096041670772,68.07410715273747,28.299096041670772,68.07410715273747
C_Yangtze_Delta,Jiangsu,East China,2003,46.2,48.18660159720412,28.299096041670772,68.07410715273747,28.299096041670772,68.07410715273747
C_Yangtze_Delta,Jiangsu,East China,2004,45.0,48.18660159720412,28.299096041670772,68.07410715273747,28.299096041670772,68.07410715273747
C_Yangtze_Delta,Jiangsu,East China,2005,47.3,48.18660159720412,28.299096041670772,68.07410715273747,28.299096041670772,68.07410715273747
C_Yangtze_Delta,Jiangsu,East China,2006,48.7,48.18660159720412,28.299096041670772,68.07410715273747,28.299096041670772,68.07410715273747
C_Yangtze_Delta,Jiangsu,East China,2007,51.6,48.18660159720412,28.299096041670772,68.07410715273747,28.299096041670772,68.07410715273747
C_Yangtze_Delta,Jiangsu,East China,2008,53.1,48.18660159720412,28.299096041670772,68.07410715273747,28.299096041670772,68.07410715273747
C_Yangtze_Delta,Jiangsu,East China,2009,51.1,48.18660159720412,28.299096041670772,68.07410715273747,28.299096041670772,68.07410715273747
C_Yangtze_Delta,Jiangsu,East China,2010,48.8,48.18660159720412,28.299096041670772,68.07410715273747,28.299096041670772,68.07410715273747
C_Yangtze_Delta,Jiangsu,East China,2011,50.1,48.18660159720412,28.299096041670772,68.07410715273747,28.299096041670772,68.07410715273747
C_Yangtze_Delta,Jiangsu,East China,2012,44.4,48.18660159720412,28.299096041670772,68.07410715273747,28.299096041670772,68.07410715273747
C_Yangtze_Delta,Jiangsu,East China,2013,56.6,48.18660159720412,28.299096041670772,68.07410715273747,28.299096041670772,68.07410715273747
C_Yangtze_Delta,Jiangsu,East China,2014,60.3,48.18660159720412,28.299096041670772,68.07410715273747,28.299096041670772,68.07410715273747
C_Yangtze_Delta,Jiangsu,East China,2015,58.5,48.18660159720412,28.299096041670772,68.07410715273747,28.299096041670772,68.07410715273747
C_Yangtze_Delta,Jiangsu,East China,2016,51.4,48.18660159720412,28.299096041670772,68.07410715273747,28.299096041670772,68.07410715273747
C_Yangtze_Delta,Jiangsu,East China,2017,48.0,48.18660159720412,28.299096041670772,68.07410715273747,28.299096041670772,68.07410715273747
C_Yangtze_Delta,Jiangsu,East China,2018,46.4,48.18660159720412,28.299096041670772,68.07410715273747,28.299096041670772,68.07410715273747
C_Yangtze_Delta,Jiangsu,East China,2019,43.7,48.18660159720412,28.299096041670772,68.07410715273747,28.299096041670772,68.07410715273747
C_Yangtze_Delta,Jiangsu,East China,2020,38.2,48.18660159720412,28.299096041670772,68.07410715273747,28.299096041670772,68.07410715273747
C_Yangtze_Delta,Jiangsu,East China,2021,35.3,48.18660159720412,28.299096041670772,68.07410715273747,28.299096041670772,68.07410715273747
C_Yangtze_Delta,Jiangsu,East China,2022,34.4,48.18660159720412,28.299096041670772,68.07410715273747,28.299096041670772,68.07410715273747
C_Yangtze_Delta,Jiangsu,East China,2023,36.2,48.18660159720412,28.299096041670772,68.07410715273747,28.299096041670772,68.07410715273747
C_Yangtze_Delta,Jiangsu,East China,2024,35.5,48.18660159720412,28.299096041670772,68.07410715273747,28.299096041670772,68.07410715273747
C_Yangtze_Delta,Shanghai,East China,1998,24.9,42.20440663497777,20.456040360516642,63.952772909438906,20.456040360516642,63.952772909438906
C_Yangtze_Delta,Shanghai,East China,1999,25.1,42.20440663497777,20.456040360516642,63.952772909438906,20.456040360516642,63.952772909438906
C_Yangtze_Delta,Shanghai,East China,2000,28.5,42.20440663497777,20.456040360516642,63.952772909438906,20.456040360516642,63.952772909438906
C_Yangtze_Delta,Shanghai,East China,2001,31.0,42.20440663497777,20.456040360516642,63.952772909438906,20.456040360516642,63.952772909438906
C_Yangtze_Delta,Shanghai,East China,2002,37.3,42.20440663497777,20.456040360516642,63.952772909438906,20.456040360516642,63.952772909438906
C_Yangtze_Delta,Shanghai,East China,2003,38.9,42.20440663497777,20.456040360516642,63.952772909438906,20.456040360516642,63.952772909438906
C_Yangtze_Delta,Shanghai,East China,2004,36.1,42.20440663497777,20.456040360516642,63.952772909438906,20.456040360516642,63.952772909438906
C_Yangtze_Delta,Shanghai,East China,2005,36.0,42.20440663497777,20.456040360516642,63.952772909438906,20.456040360516642,63.952772909438906
C_Yangtze_Delta,Shanghai,East China,2006,39.1,42.20440663497777,20.456040360516642,63.952772909438906,20.456040360516642,63.952772909438906
C_Yangtze_Delta,Shanghai,East China,2007,42.1,42.20440663497777,20.456040360516642,63.952772909438906,20.456040360516642,63.952772909438906
C_Yangtze_Delta,Shanghai,East China,2008,44.4,42.20440663497777,20.456040360516642,63.952772909438906,20.456040360516642,63.952772909438906
C_Yangtze_Delta,Shanghai,East China,2009,42.7,42.20440663497777,20.456040360516642,63.952772909438906,20.456040360516642,63.952772909438906
C_Yangtze_Delta,Shanghai,East China,2010,37.3,42.20440663497777,20.456040360516642,63.952772909438906,20.456040360516642,63.952772909438906
C_Yangtze_Delta,Shanghai,East China,2011,38.6,42.20440663497777,20.456040360516642,63.952772909438906,20.456040360516642,63.952772909438906
C_Yangtze_Delta,Shanghai,East China,2012,29.7,42.20440663497777,20.456040360516642,63.952772909438906,20.456040360516642,63.952772909438906
C_Yangtze_Delta,Shanghai,East China,2013,48.2,42.20440663497777,20.456040360516642,63.952772909438906,20.456040360516642,63.952772909438906
C_Yangtze_Delta,Shanghai,East China,2014,49.5,42.20440663497777,20.456040360516642,63.952772909438906,20.456040360516642,63.952772909438906
C_Yangtze_Delta,Shanghai,East China,2015,51.1,42.20440663497777,20.456040360516642,63.952772909438906,20.456040360516642,63.952772909438906
C_Yangtze_Delta,Shanghai,East China,2016,43.5,42.20440663497777,20.456040360516642,63.952772909438906,20.456040360516642,63.952772909438906
C_Yangtze_Delta,Shanghai,East China,2017,39.2,42.20440663497777,20.456040360516642,63.952772909438906,20.456040360516642,63.952772909438906
C_Yangtze_Delta,Shanghai,East China,2018,36.6,42.20440663497777,20.456040360516642,63.952772909438906,20.456040360516642,63.952772909438906
C_Yangtze_Delta,Shanghai,East China,2019,35.0,42.20440663497777,20.456040360516642,63.952772909438906,20.456040360516642,63.952772909438906
C_Yangtze_Delta,Shanghai,East China,2020,31.0,42.20440663497777,20.456040360516642,63.952772909438906,20.456040360516642,63.952772909438906
C_Yangtze_Delta,Shanghai,East China,2021,28.7,42.20440663497777,20.456040360516642,63.952772909438906,20.456040360516642,63.952772909438906
C_Yangtze_Delta,Shanghai,East China,2022,29.8,42.20440663497777,20.456040360516642,63.952772909438906,20.456040360516642,63.952772909438906
C_Yangtze_Delta,Shanghai,East China,2023,35.0,42.20440663497777,20.456040360516642,63.952772909438906,20.456040360516642,63.952772909438906
C_Yangtze_Delta,Shanghai,East China,2024,34.2,42.20440663497777,20.456040360516642,63.952772909438906,20.456040360516642,63.952772909438906
C_Yangtze_Delta,Zhejiang,East China,1998,27.0,40.6774872392383,20.4398908016202,60.915083676856405,20.4398908016202,60.915083676856405
C_Yangtze_Delta,Zhejiang,East China,1999,25.8,40.6774872392383,20.4398908016202,60.915083676856405,20.4398908016202,60.915083676856405
C_Yangtze_Delta,Zhejiang,East China,2000,31.1,40.6774872392383,20.4398908016202,60.915083676856405,20.4398908016202,60.915083676856405
C_Yangtze_Delta,Zhejiang,East China,2001,32.9,40.6774872392383,20.4398908016202,60.915083676856405,20.4398908016202,60.915083676856405
C_Yangtze_Delta,Zhejiang,East China,2002,36.3,40.6774872392383,20.4398908016202,60.915083676856405,20.4398908016202,60.915083676856405
C_Yangtze_Delta,Zhejiang,East China,2003,39.1,40.6774872392383,20.4398908016202,60.915083676856405,20.4398908016202,60.915083676856405
C_Yangtze_Delta,Zhejiang,East China,2004,37.5,40.6774872392383,20.4398908016202,60.915083676856405,20.4398908016202,60.915083676856405
C_Yangtze_Delta,Zhejiang,East China,2005,36.5,40.6774872392383,20.4398908016202,60.915083676856405,20.4398908016202,60.915083676856405
C_Yangtze_Delta,Zhejiang,East China,2006,37.9,40.6774872392383,20.4398908016202,60.915083676856405,20.4398908016202,60.915083676856405
C_Yangtze_Delta,Zhejiang,East China,2007,41.6,40.6774872392383,20.4398908016202,60.915083676856405,20.4398908016202,60.915083676856405
C_Yangtze_Delta,Zhejiang,East China,2008,43.9,40.6774872392383,20.4398908016202,60.915083676856405,20.4398908016202,60.915083676856405
C_Yangtze_Delta,Zhejiang,East China,2009,40.3,40.6774872392383,20.4398908016202,60.915083676856405,20.4398908016202,60.915083676856405
C_Yangtze_Delta,Zhejiang,East China,2010,36.5,40.6774872392383,20.4398908016202,60.915083676856405,20.4398908016202,60.915083676856405
C_Yangtze_Delta,Zhejiang,East China,2011,40.5,40.6774872392383,20.4398908016202,60.915083676856405,20.4398908016202,60.915083676856405
C_Yangtze_Delta,Zhejiang,East China,2012,35.9,40.6774872392383,20.4398908016202,60.915083676856405,20.4398908016202,60.915083676856405
C_Yangtze_Delta,Zhejiang,East China,2013,39.5,40.6774872392383,20.4398908016202,60.915083676856405,20.4398908016202,60.915083676856405
C_Yangtze_Delta,Zhejiang,East China,2014,47.0,40.6774872392383,20.4398908016202,60.915083676856405,20.4398908016202,60.915083676856405
C_Yangtze_Delta,Zhejiang,East China,2015,43.6,40.6774872392383,20.4398908016202,60.915083676856405,20.4398908016202,60.915083676856405
C_Yangtze_Delta,Zhejiang,East China,2016,37.6,40.6774872392383,20.4398908016202,60.915083676856405,20.4398908016202,60.915083676856405
C_Yangtze_Delta,Zhejiang,East China,2017,36.8,40.6774872392383,20.4398908016202,60.915083676856405,20.4398908016202,60.915083676856405
C_Yangtze_Delta,Zhejiang,East China,2018,32.5,40.6774872392383,20.4398908016202,60.915083676856405,20.4398908016202,60.915083676856405
C_Yangtze_Delta,Zhejiang,East China,2019,30.9,40.6774872392383,20.4398908016202,60.915083676856405,20.4398908016202,60.915083676856405
C_Yangtze_Delta,Zhejiang,East China,2020,26.4,40.6774872392383,20.4398908016202,60.915083676856405,20.4398908016202,60.915083676856405
C_Yangtze_Delta,Zhejiang,East China,2021,25.2,40.6774872392383,20.4398908016202,60.915083676856405,20.4398908016202,60.915083676856405
C_Yangtze_Delta,Zhejiang,East China,2022,25.6,40.6774872392383,20.4398908016202,60.915083676856405,20.4398908016202,60.915083676856405
C_Yangtze_Delta,Zhejiang,East China,2023,27.2,40.6774872392383,20.4398908016202,60.915083676856405,20.4398908016202,60.915083676856405
C_Yangtze_Delta,Zhejiang,East China,2024,27.1,40.6774872392383,20.4398908016202,60.915083676856405,20.4398908016202,60.915083676856405
